number;fifa_display_name;last_name;first_name;shirt_name;day_of_birth;position;club;height;caps;goals;team
1;Nahuel GUZMAN;GUZMÁN;Nahuel Ignacio;GUZMÁN;10.02.1986;GK;Tigres (MEX);192;6;0;Argentina
2;Gabriel MERCADO;MERCADO;Gabriel Ivan;MERCADO;18.03.1987;DF;Sevilla FC (ESP);181;21;3;Argentina
3;Nicolas TAGLIAFICO;TAGLIAFICO;Nicolás Alejandro;TAGLIAFICO;31.08.1992;DF;Ajax (NED);169;6;0;Argentina
4;Cristian ANSALDI;ANSALDI;Cristian Daniel;ANSALDI;20.09.1986;DF;Torino (ITA);181;5;1;Argentina
5;Lucas BIGLIA;BIGLIA;Lucas Rodrigo;BIGLIA;30.01.1986;MF;AC Milan (ITA);175;58;1;Argentina
6;Federico FAZIO;FAZIO;Federico Julián;FAZIO;17.03.1987;DF;AS Roma (ITA);199;9;1;Argentina
7;Ever BANEGA;BANEGA;Ever Maximiliano David;BANEGA;29.06.1988;MF;Sevilla FC (ESP);175;63;6;Argentina
8;Marcos ACUNA;ACUÑA;Marcos Javier;ACUÑA;28.10.1991;DF;Sporting CP (POR);172;11;0;Argentina
9;Gonzalo HIGUAIN;HIGUAIN;Gonzalo Gerardo;HIGUAÍN;10.12.1987;FW;Juventus (ITA);184;74;31;Argentina
10;Lionel MESSI;MESSI;Lionel Andres;MESSI;24.06.1987;FW;FC Barcelona (ESP);170;126;64;Argentina
11;Angel DI MARIA;DI MARIA;Angel Fabian;DI MARÍA;14.02.1988;MF;Paris Saint-Germain (FRA);178;95;19;Argentina
12;Franco ARMANI;ARMANI;Franco;ARMANI;16.10.1986;GK;River Plate (ARG);189;0;0;Argentina
13;Maximiliano MEZA;MEZA;Maximiliano Eduardo;MEZA;15.12.1992;MF;Independiente (ARG);180;4;0;Argentina
14;Javier MASCHERANO;MASCHERANO;Javier Alejandro;MASCHERANO;08.06.1984;DF;Hebei Huabei (CHN);174;145;3;Argentina
15;Enzo PEREZ;PEREZ;Enzo Nicolas;PÉREZ;22.02.1986;MF;River Plate (ARG);178;24;1;Argentina
16;Marcos ROJO;ROJO;Faustino Marcos Alberto;MARCOS ROJO;20.03.1990;DF;Manchester United (ENG);189;57;2;Argentina
17;Nicolas OTAMENDI;OTAMENDI;Nicolas Hernan Gonzalo;OTAMENDI;12.02.1988;DF;Manchester City (ENG);181;56;4;Argentina
18;Eduardo SALVIO;SALVIO;Eduardo Antonio;SALVIO;13.07.1990;DF;Benfica (POR);167;11;0;Argentina
19;Sergio AGUERO;AGÜERO;Sergio Leonel;KUN AGUERO;02.06.1988;FW;Manchester City (ENG);172;87;38;Argentina
20;Giovani LO CELSO;LO CELSO;Giovani;LO CELSO;09.04.1996;MF;Paris Saint-Germain (FRA);177;5;0;Argentina
21;Paulo DYBALA;DYBALA;Paulo Exequiel;DYBALA;15.11.1993;FW;Juventus (ITA);177;13;0;Argentina
22;Cristian PAVON;PAVÓN;Cristian David;PAVÓN;21.01.1996;MF;Boca Juniors (ARG);169;7;0;Argentina
23;Wilfredo CABALLERO;CABALLERO;Wilfredo Daniel;CABALLERO;28.09.1981;GK;Chelsea (ENG);186;5;0;Argentina
1;Mathew RYAN;RYAN;Mathew David;RYAN;08.04.1992;GK;Brighton (ENG);184;46;0;Australia
2;Milos DEGENEK;DEGENEK;Milos;DEGENEK;28.04.1994;DF;Yokohama F Marinos (JPN);187;18;0;Australia
3;James MEREDITH;MEREDITH;James Gregory;MEREDITH;05.04.1988;DF;Millwall (ENG);179;2;0;Australia
4;Tim CAHILL;CAHILL;Timothy Filiga;CAHILL;06.12.1979;FW;Millwall (ENG);180;106;50;Australia
5;Mark MILLIGAN;MILLIGAN;Mark Daniel;MILLIGAN;04.08.1985;DF;Al Ahli (KSA);178;70;6;Australia
6;Matthew JURMAN;JURMAN;Matthew John;JURMAN;08.12.1989;DF;Suwon Samsung Bluewings (KOR);190;4;0;Australia
7;Mathew LECKIE;LECKIE;Mathew Allan;LECKIE;04.02.1991;FW;Hertha BSC (GER);181;55;8;Australia
8;Massimo LUONGO;LUONGO;Massimo Corey;LUONGO;25.09.1992;MF;Queens Park Rangers (ENG);176;36;5;Australia
9;Tomi JURIC;JURIC;Tomi;JURIC;22.07.1991;FW;FC Luzern (SUI);190;37;8;Australia
10;Robbie KRUSE;KRUSE;Robbie Thomas;KRUSE;05.10.1988;FW;VfL Bochum (GER);180;66;5;Australia
11;Andrew NABBOUT;NABBOUT;Andrew;NABBOUT;17.12.1992;FW;Urawa Reds (JPN);178;6;1;Australia
12;Brad JONES;JONES;Bradley Scott;JONES;19.03.1982;GK;Feyenoord (NED);193;6;0;Australia
13;Aaron MOOY;MOOY;Aaron Frank;MOOY;15.09.1990;MF;Huddersfield (ENG);173;36;5;Australia
14;Jamie MacLAREN;MACLAREN;Jamie;MACLAREN;29.07.1993;FW;Hibernian (SCO);178;6;0;Australia
15;Mile JEDINAK;JEDINAK;Michael John;JEDINAK;03.08.1984;MF;Aston Villa (ENG);188;78;20;Australia
16;Aziz BEHICH;BEHICH;Aziz;BEHICH;16.12.1990;DF;Bursaspor (TUR);170;25;2;Australia
17;Daniel ARZANI;ARZANI;Daniel;ARZANI;04.01.1999;FW;Melbourne City Football Club (AUS);171;4;1;Australia
18;Danny VUKOVIC;VUKOVIC;Daniel;VUKOVIC;27.03.1985;GK;Racing Genk (BEL);187;1;0;Australia
19;Joshua RISDON;RISDON;Joshua Robert;RISDON;27.07.1992;DF;WS Wanderers FC (AUS);169;10;0;Australia
20;Trent SAINSBURY;SAINSBURY;Trent Lucas;SAINSBURY;05.01.1992;DF;Grasshoppers (SUI);183;37;3;Australia
21;Dimitrios PETRATOS;PETRATOS;Dimitrios;PETRATOS;10.11.1992;FW;Newcastle Jets (AUS);176;2;0;Australia
22;Jackson IRVINE;IRVINE;Jackson Alexander;IRVINE;07.03.1993;MF;Hull City (ENG);180;21;2;Australia
23;Tom ROGIC;ROGIC;Tomas Petar;ROGIC;16.12.1992;MF;Celtic (SCO);189;39;7;Australia
1;Thibaut COURTOIS;COURTOIS;Thibaut Nicolas;COURTOIS;11.05.1992;GK;Chelsea (ENG);199;59;0;Belgium
2;Toby ALDERWEIRELD;ALDERWEIRELD;Toby Albertine;ALDERWEIRELD;02.03.1989;DF;Tottenham Hotspur (ENG);186;78;3;Belgium
3;Thomas VERMAELEN;VERMAELEN;Thomas;VERMAELEN;14.11.1985;DF;FC Barcelona (ESP);183;66;1;Belgium
4;Vincent KOMPANY;KOMPANY;Vincent Jean;KOMPANY;10.04.1986;DF;Manchester City (ENG);190;77;4;Belgium
5;Jan VERTONGHEN;VERTONGHEN;Jan Bert;VERTONGHEN;24.04.1987;DF;Tottenham Hotspur (ENG);189;103;8;Belgium
6;Axel WITSEL;WITSEL;Axel Laurent;WITSEL;12.01.1989;MF;Tianjin Quanjian Football Club (CHN);186;91;9;Belgium
7;Kevin DE BRUYNE;DE BRUYNE;Kevin;DE BRUYNE;28.06.1991;MF;Manchester City (ENG);181;63;14;Belgium
8;Marouane FELLAINI;FELLAINI-BAKKIOUI;Marouane;FELLAINI;22.11.1987;MF;Manchester United (ENG);194;82;17;Belgium
9;Romelu LUKAKU;LUKAKU BOLINGOLI;Romelu;R. LUKAKU;13.05.1993;FW;Manchester United (ENG);190;70;38;Belgium
10;Eden HAZARD;HAZARD;Eden Michael;E. HAZARD;07.01.1991;FW;Chelsea (ENG);173;87;22;Belgium
11;Yannick CARRASCO;FERREIRA CARRASCO;Yannick;CARRASCO;04.09.1993;MF;Dalian Yifang Football Club (CHN);180;27;5;Belgium
12;Simon MIGNOLET;MIGNOLET;Simon Luc;MIGNOLET;06.03.1988;GK;Liverpool (ENG);193;21;0;Belgium
13;Koen CASTEELS;CASTEELS;Koen;CASTEELS;25.06.1992;GK;VfL Wolfsburg (GER);197;0;0;Belgium
14;Dries MERTENS;MERTENS;Dries;MERTENS;06.05.1987;FW;SSC Napoli (ITA);169;70;15;Belgium
15;Thomas MEUNIER;MEUNIER;Thomas;MEUNIER;12.09.1991;DF;Paris Saint-Germain (FRA);190;26;5;Belgium
16;Thorgan HAZARD;HAZARD;Thorgan Ganael Francis;T. HAZARD;29.03.1993;MF;Borussia Moenchengladbach (GER);174;12;1;Belgium
17;Youri TIELEMANS;TIELEMANS;Youri;TIELEMANS;07.05.1997;MF;AS Monaco (FRA);176;9;0;Belgium
18;Adnan JANUZAJ;JANUZAJ;Adnan;JANUZAJ;05.02.1995;FW;Real Sociedad (ESP);180;8;0;Belgium
19;Moussa DEMBELE;DEMBELE;Moussa Sidi Yaya;DEMBELE;16.07.1987;MF;Tottenham Hotspur (ENG);185;77;5;Belgium
20;Dedryck BOYATA;BOYATA;Dedryck Anga;BOYATA;28.11.1990;DF;Celtic (SCO);188;8;0;Belgium
21;Michy BATSHUAYI;BATSHUAYI ATUNGA;Michy;BATSHUAYI;02.10.1993;FW;Borussia Dortmund (GER);185;16;7;Belgium
22;Nacer CHADLI;CHADLI;Nacer;CHADLI;02.08.1989;MF;West Bromwich Albion FC (ENG);187;46;5;Belgium
23;Leander DENDONCKER;DENDONCKER;Leander;DENDONCKER;15.04.1995;DF;Anderlecht (BEL);188;5;0;Belgium
1;ALISSON;BECKER;Alisson Ramses;A. BECKER;02.10.1992;GK;AS Roma (ITA);193;28;0;Brazil
2;THIAGO SILVA;EMILIANO DA SILVA;Thiago;T. SILVA;22.09.1984;DF;Paris Saint-Germain (FRA);183;73;5;Brazil
3;MIRANDA;MIRANDA DE SOUZA FILHO;Joao;MIRANDA;07.09.1984;DF;Internazionale (ITA);186;49;2;Brazil
4;PEDRO GEROMEL;TONON GEROMEL;Pedro;GEROMEL;21.09.1985;DF;Grêmio (BRA);190;2;0;Brazil
5;CASEMIRO;CASIMIRO;Carlos Henrique;CASEMIRO;23.02.1992;MF;Real Madrid (ESP);185;26;0;Brazil
6;FILIPE LUIS;KASMIRSKI;Filipe Luis;FILIPE LUIS;09.08.1985;DF;Atlético Madrid (ESP);182;33;2;Brazil
7;DOUGLAS COSTA;COSTA DE SOUZA;Douglas;D. COSTA;14.09.1990;FW;Juventus (ITA);182;26;3;Brazil
8;RENATO AUGUSTO;SOARES DE OLIVEIRA AUGUSTO;Renato;R. AUGUSTO;08.02.1988;MF;Beijing Guoan (CHN);186;29;5;Brazil
9;GABRIEL JESUS;DE JESUS;Gabriel Fernando;G. JESUS;03.04.1997;FW;Manchester City (ENG);175;19;10;Brazil
10;NEYMAR;DA SILVA SANTOS JUNIOR;Neymar;NEYMAR JR;05.02.1992;FW;Paris Saint-Germain (FRA);175;87;56;Brazil
11;PHILIPPE COUTINHO;COUTINHO CORREIA;Philippe;P. COUTINHO;12.06.1992;MF;FC Barcelona (ESP);172;38;12;Brazil
12;MARCELO;VIEIRA DA SILVA JUNIOR;Marcelo;MARCELO;12.05.1988;DF;Real Madrid (ESP);174;57;6;Brazil
13;MARQUINHOS;AOAS CORREA;Marcos;MARQUINHOS;14.05.1994;DF;Paris Saint-Germain (FRA);183;26;0;Brazil
14;DANILO;DA SILVA;Danilo Luiz;DANILO;15.07.1991;DF;Manchester City (ENG);184;19;0;Brazil
15;PAULINHO;BEZERRA MACIEL JÚNIOR;José Paulo;PAULINHO;25.07.1988;MF;FC Barcelona (ESP);181;52;12;Brazil
16;CASSIO;RAMOS;Cassio;CASSIO;06.06.1987;GK;SC Corinthians (BRA);195;1;0;Brazil
17;FERNANDINHO;ROZA;Fernando Luiz;FERNANDINHO;04.05.1985;MF;Manchester City (ENG);179;46;2;Brazil
18;FRED;RODRIGUES DE PAULA SANTOS;Frederico;FRED;05.03.1993;MF;Shakhtar Donetsk (UKR);169;8;0;Brazil
19;WILLIAN;BORGES DA SILVA;Willian;WILLIAN;09.08.1988;MF;Chelsea (ENG);175;59;8;Brazil
20;ROBERTO FIRMINO;BARBOSA DE OLIVEIRA;Roberto Firmino;FIRMINO;02.10.1991;FW;Liverpool (ENG);181;23;6;Brazil
21;TAISON;BARCELLOS FREDA;Taison;TAISON;13.01.1988;FW;Shakhtar Donetsk (UKR);172;8;1;Brazil
22;FAGNER;CONSERVA LEMOS;Fagner;FAGNER;11.06.1989;DF;SC Corinthians (BRA);168;5;0;Brazil
23;EDERSON;SANTANA DE MORAES;Ederson;EDERSON;17.08.1993;GK;Manchester City (ENG);188;1;0;Brazil
1;David OSPINA;OSPINA RAMIREZ;David;OSPINA;31.08.1988;GK;Arsenal (ENG);183;84;0;Colombia
2;Cristian ZAPATA;ZAPATA VALENCIA;Cristian Eduardo;C. ZAPATA;30.09.1986;DF;AC Milan (ITA);187;52;2;Colombia
3;Oscar MURILLO;MURILLO MURILLO;Oscar Fabian;O. MURILLO;18.04.1988;DF;CF Pachuca (MEX);184;14;0;Colombia
4;Santiago ARIAS;ARIAS NARANJO;Santiago;ARIAS;13.01.1992;DF;PSV (NED);177;42;0;Colombia
5;Wilmar BARRIOS;BARRIOS TERAN;Wilmar Enrique;BARRIOS;16.10.1993;MF;Boca Juniors (ARG);178;11;0;Colombia
6;Carlos SANCHEZ;SANCHEZ MORENO;Carlos Alberto;C. SANCHEZ;06.02.1986;MF;RCD Espanyol (ESP);182;81;0;Colombia
7;Carlos BACCA;BACCA AHUMADA;Carlos Arturo;BACCA;08.09.1986;FW;Villarreal CF (ESP);181;46;14;Colombia
8;Abel AGUILAR;AGUILAR TAPIAS;Abel Enrique;AGUILAR T.;06.01.1985;MF;Cali (COL);185;69;8;Colombia
9;Radamel FALCAO;GARCIA ZARATE;Radamel Falcao;FALCAO;10.02.1986;FW;AS Monaco (FRA);177;66;29;Colombia
10;James RODRIGUEZ;RODRIGUEZ RUBIO;James David;JAMES;12.07.1991;MF;Bayern München (GER);180;64;21;Colombia
11;Juan CUADRADO;CUADRADO BELLO;Juan Guillermo;CUADRADO;26.05.1988;MF;Juventus (ITA);179;70;7;Colombia
12;Camilo VARGAS;VARGAS GIL;Camilo Andres;C. VARGAS;09.03.1989;GK;Cali (COL);185;5;0;Colombia
13;Yerry MINA;MINA GONZALEZ;Yerry Fernando;Y. MINA;23.09.1994;DF;FC Barcelona (ESP);194;12;3;Colombia
14;Luis MURIEL;MURIEL FRUTO;Luis Fernando;L. MURIEL;16.04.1991;FW;Sevilla FC (ESP);178;18;2;Colombia
15;Mateus URIBE;URIBE VILLA;Andres Mateus;M. URIBE;21.03.1991;MF;America (MEX);182;8;0;Colombia
16;Jefferson LERMA;LERMA SOLIS;Jefferson Andrés;J. LERMA;25.10.1994;MF;Levante UD (ESP);179;6;0;Colombia
17;Johan MOJICA;MOJICA PALACIO;Johan Andrés;J. MOJICA;21.08.1992;DF;Girona Futbol Club (ESP);185;5;1;Colombia
18;Farid DIAZ;DIAZ RHENALS;Farid Alfonso;F. DIAZ;20.07.1983;DF;Olimpia (PAR);170;13;0;Colombia
19;Miguel BORJA;BORJA HERNANDEZ;Miguel Angel;M. BORJA;26.01.1993;FW;Palmeiras (BRA);183;7;2;Colombia
20;Juan QUINTERO;QUINTERO PANIAGUA;Juan Fernando;J. QUINTERO;18.01.1993;MF;River Plate (ARG);169;16;3;Colombia
21;Jose IZQUIERDO;IZQUIERDO MENA;José Heriberto;IZQUIERDO;07.07.1992;FW;Brighton (ENG);171;6;1;Colombia
22;Jose CUADRADO;CUADRADO ROMERO;José Fernando;J.F. CUADRADO;01.06.1985;GK;Once Caldas (COL);180;1;0;Colombia
23;Davinson SANCHEZ;SANCHEZ MINA;Davinson;D. SANCHEZ;12.06.1996;DF;Tottenham Hotspur (ENG);187;10;0;Colombia
1;Keylor NAVAS;NAVAS GAMBOA;Keilor Antonio;K. NAVAS;15.12.1986;GK;Real Madrid (ESP);185;83;0;Costa Rica
2;Johnny ACOSTA;ACOSTA ZAMORA;Jhonny;J. ACOSTA;21.07.1983;DF;Águilas Doradas Rionegro (COL);176;68;2;Costa Rica
3;Giancarlo GONZALEZ;GONZALEZ CASTRO;Giancarlo;G. GONZALEZ;08.02.1988;DF;Bologna (ITA);186;70;2;Costa Rica
4;Ian SMITH;SMITH QUIROS;Ian Rey;I. SMITH;06.03.1998;DF;Norrkoping (SWE);177;4;0;Costa Rica
5;Celso BORGES;BORGES MORA;Celso;C. BORGES;27.05.1988;MF;Deportivo La Coruña (ESP);187;113;18;Costa Rica
6;Oscar DUARTE;DUARTE GAITAN;Oscar Esau;O. DUARTE;03.06.1989;DF;RCD Espanyol (ESP);186;38;2;Costa Rica
7;Christian BOLANOS;BOLAÑOS NAVARRO;Christian;C. BOLAÑOS;17.05.1984;MF;Saprissa (CRC);178;84;7;Costa Rica
8;Bryan OVIEDO;OVIEDO JIMENEZ;Bryan Josue;B. OVIEDO;18.02.1990;DF;Sunderland (ENG);172;43;1;Costa Rica
9;Daniel COLINDRES;COLINDRES SOLERA;Daniel;D. COLINDRES;10.01.1985;MF;Saprissa (CRC);180;12;0;Costa Rica
10;Bryan RUIZ;RUIZ GONZALEZ;Bryan Jafet;BRYAN;18.08.1985;MF;Sporting CP (POR);187;111;24;Costa Rica
11;Johan VENEGAS;VENEGAS ULLOA;Johan Alberto;J. VENEGAS;27.11.1988;FW;Saprissa (CRC);183;49;10;Costa Rica
12;Joel CAMPBELL;CAMPBELL SAMUELS;Joel Nathaniel;J. CAMPBELL;26.06.1992;FW;Real Betis (ESP);178;78;15;Costa Rica
13;Rodney WALLACE;WALLACE BURNS;Rodney;R. WALLACE;17.06.1988;MF;New York City Football Club (USA);180;28;4;Costa Rica
14;Randall AZOFEIFA;AZOFEIFA CORRALES;Randall;R. AZOFEIFA;30.12.1984;MF;Herediano (CRC);182;59;3;Costa Rica
15;Francisco CALVO;CALVO QUESADA;Francisco Javier;F. CALVO;08.07.1992;DF;Minnesota (USA);180;38;4;Costa Rica
16;Cristian GAMBOA;GAMBOA LUNA;Cristian Esteban;C. GAMBOA;24.10.1989;DF;Celtic (SCO);175;70;3;Costa Rica
17;Yeltsin TEJEDA;TEJEDA VALVERDE;Yeltsin Ignacio;Y. TEJEDA;17.03.1992;MF;Lausanne (SUI);179;50;0;Costa Rica
18;Patrick PEMBERTON;PEMBERTON BERNARD;Patrick Alberto;P. PEMBERTON;24.04.1982;GK;Alajuelense (CRC);178;39;0;Costa Rica
19;Kendall WASTON;WASTON MANLEY;Kendall Jamaal;K. WASTON;01.01.1988;DF;Vancouver Whitecaps (CAN);196;25;2;Costa Rica
20;David GUZMAN;GUZMAN PEREZ;David;D. GUZMAN;18.02.1990;MF;Portland Timbers (USA);176;47;0;Costa Rica
21;Marcos URENA;UREÑA PORRAS;Marcos Danilo;M. UREÑA;05.03.1990;FW;Los Angeles Football Club (USA);181;64;14;Costa Rica
22;Kenner GUTIERREZ;GUTIERREZ CERDAS;Kenner;K. GUTIERREZ;09.06.1989;DF;Alajuelense (CRC);178;9;0;Costa Rica
23;Leonel MOREIRA;MOREIRA LEDEZMA;Leonel Gerardo;L. MOREIRA;02.04.1990;GK;Herediano (CRC);179;9;0;Costa Rica
1;Dominik LIVAKOVIC;LIVAKOVI?;Dominik;LIVAKOVI?;09.01.1995;GK;Dinamo Zagreb (CRO);188;1;0;Croatia
2;Sime VRSALJKO;VRSALJKO;Šime;VRSALJKO;10.01.1992;DF;Atlético Madrid (ESP);181;37;0;Croatia
3;Ivan STRINIC;STRINI?;Ivan;STRINI?;17.07.1987;DF;Sampdoria (ITA);186;45;0;Croatia
4;Ivan PERISIC;PERIŠI?;Ivan;PERIŠI?;02.02.1989;FW;Internazionale (ITA);186;68;18;Croatia
5;Vedran CORLUKA;?ORLUKA;Vedran;?ORLUKA;05.02.1986;DF;Lokomotiv Moskva (RUS);192;100;4;Croatia
6;Dejan LOVREN;LOVREN;Dejan;LOVREN;05.07.1989;DF;Liverpool (ENG);188;41;2;Croatia
7;Ivan RAKITIC;RAKITI?;Ivan;RAKITI?;10.03.1988;MF;FC Barcelona (ESP);184;94;15;Croatia
8;Mateo KOVACIC;KOVA?I?;Mateo;KOVA?I?;06.05.1994;MF;Real Madrid (ESP);178;43;1;Croatia
9;Andrej KRAMARIC;KRAMARI?;Andrej;KRAMARI?;19.06.1991;FW;1899 Hoffenheim (GER);177;33;9;Croatia
10;Luka MODRIC;MODRI?;Luka;MODRI?;09.09.1985;MF;Real Madrid (ESP);172;108;14;Croatia
11;Marcelo BROZOVIC;BROZOVI?;Marcelo;BROZOVI?;16.11.1992;MF;Internazionale (ITA);181;37;6;Croatia
12;Lovre KALINIC;KALINI?;Lovre;L. KALINI?;03.04.1990;GK;AA Gent (BEL);201;11;0;Croatia
13;Tin JEDVAJ;JEDVAJ;Tin;JEDVAJ;28.11.1995;DF;Bayer Leverkusen (GER);184;12;0;Croatia
14;Filip BRADARIC;BRADARI?;Filip;BRADARI?;11.01.1992;MF;NK Rijeka (CRO);186;4;0;Croatia
15;Duje CALETA-CAR;?ALETA-CAR;Duje;?ALETA-CAR;17.09.1996;DF;Red Bull Salzburg (AUT);192;1;0;Croatia
16;Nikola KALINIC;KALINI?;Nikola;N. KALINI?;05.01.1988;FW;AC Milan (ITA);187;42;15;Croatia
17;Mario MANDZUKIC;MANDŽUKI?;Mario;MANDŽUKI?;21.05.1986;FW;Juventus (ITA);190;85;30;Croatia
18;Ante REBIC;REBI?;Ante;REBI?;21.09.1993;FW;Eintracht Frankfurt (GER);185;18;2;Croatia
19;Milan BADELJ;BADELJ;Milan;BADELJ;25.02.1989;MF;Fiorentina (ITA);186;38;1;Croatia
20;Marko PJACA;PJACA;Marko;PJACA;06.05.1995;FW;Schalke 04 (GER);186;17;1;Croatia
21;Domagoj VIDA;VIDA;Domagoj;VIDA;29.04.1989;DF;Besiktas (TUR);184;61;2;Croatia
22;Josip PIVARIC;PIVARI?;Josip;PIVARI?;30.01.1989;DF;Dynamo Kyiv (UKR);176;19;0;Croatia
23;Danijel SUBASIC;SUBAŠI?;Danijel;SUBAŠI?;27.10.1984;GK;AS Monaco (FRA);191;40;0;Croatia
1;Kasper SCHMEICHEL;SCHMEICHEL;Kasper Peter;SCHMEICHEL;05.11.1986;GK;Leicester (ENG);190;37;0;Denmark
2;Michael KROHN-DEHLI;KROHN-DEHLI;Michael;KROHN-DEHLI;06.06.1983;MF;Deportivo La Coruña (ESP);171;58;6;Denmark
3;Jannik VESTERGAARD;VESTERGAARD;Jannik;VESTERGAARD;03.08.1992;DF;Borussia Moenchengladbach (GER);200;16;1;Denmark
4;Simon KJAER;KJAER;Simon Thorup;KJÆR;26.03.1989;DF;Sevilla FC (ESP);191;77;3;Denmark
5;Jonas KNUDSEN;KNUDSEN;Jonas Hjort;KNUDSEN;16.09.1992;DF;Ipswich Town (ENG);187;3;0;Denmark
6;Andreas CHRISTENSEN;CHRISTENSEN;Andreas Bodtker;CHRISTENSEN;10.04.1996;DF;Chelsea (ENG);192;18;1;Denmark
7;William KVIST;KVIST;William Vitved;KVIST;24.02.1985;MF;FC København (DEN);185;81;2;Denmark
8;Thomas DELANEY;DELANEY;Thomas Joseph;DELANEY;03.09.1991;MF;Werder Bremen (GER);180;29;4;Denmark
9;Nicolai JORGENSEN;JORGENSEN;Nicolai Mick;N. JØRGENSEN;15.01.1991;FW;Feyenoord (NED);194;33;8;Denmark
10;Christian ERIKSEN;ERIKSEN;Christian Dannemann;ERIKSEN;14.02.1992;MF;Tottenham Hotspur (ENG);181;80;23;Denmark
11;Martin BRAITHWAITE;BRAITHWAITE;Martin Christensen;BRAITHWAITE;05.06.1991;FW;Girondins Bordeaux (FRA);180;22;1;Denmark
12;Kasper DOLBERG;RASMUSSEN;Kasper Dolberg;DOLBERG;06.10.1997;FW;Ajax (NED);187;6;1;Denmark
13;Mathias JORGENSEN;JORGENSEN;Mathias Jattah-Njie;M. JØRGENSEN;23.04.1990;DF;Huddersfield (ENG);191;13;0;Denmark
14;Henrik DALSGAARD;DALSGAARD;Henrik;DALSGAARD;27.07.1989;DF;Brentford (ENG);190;13;0;Denmark
15;Viktor FISCHER;FISCHER;Viktor Gorridsen;FISCHER;09.06.1994;FW;FC København (DEN);181;19;3;Denmark
16;Jonas LOSSL;LÖSSL;Jonas Bybjerg;LÖSSL;01.02.1989;GK;Huddersfield (ENG);195;1;0;Denmark
17;Jens Stryger LARSEN;LARSEN;Jens Stryger;STRYGER;21.02.1991;DF;Udinese (ITA);182;15;1;Denmark
18;Lukas LERAGER;LERAGER;Lukas Reiff;LERAGER;12.07.1993;MF;Girondins Bordeaux (FRA);186;4;0;Denmark
19;Lasse SCHONE;SCHÖNE;Lasse;SCHÖNE;27.05.1986;MF;Ajax (NED);178;38;3;Denmark
20;Yussuf Yurary POULSEN;POULSEN;Yussuf Yurary;YURARY;15.06.1994;FW;RasenBallsport Leipzig (GER);193;30;5;Denmark
21;Andreas CORNELIUS;CORNELIUS;Andreas Evald;CORNELIUS;16.03.1993;FW;Atalanta Bergamo (ITA);195;19;4;Denmark
22;Frederik RONNOW;RØNNOW;Frederik Riis;RØNNOW;04.08.1992;GK;Brøndby IF (DEN);190;6;0;Denmark
23;Pione SISTO;EMIRMIJA;Pione Sisto Ifolo;SISTO;04.02.1995;FW;Celta (ESP);173;16;1;Denmark
1;ESSAM ELHADARY;KAMAL TAWFIK EL HADARY;Essam;ELHADARY;15.01.1973;GK;Al Taawoun Football Club (KSA);190;158;0;Egypt
2;ALI GABR;GABR;Ali;ALI GABR;01.01.1989;DF;West Bromwich Albion FC (ENG);191;24;1;Egypt
3;AHMED ELMOHAMADY;ABDELFATTAH;Ahmed Elmohamady;ELMOHAMADY;09.09.1987;DF;Aston Villa (ENG);183;84;2;Egypt
4;OMAR GABER;GABER;Omar;O. GABER;30.01.1992;MF;Los Angeles Football Club (USA);175;24;0;Egypt
5;SAM MORSY;SAYED MORSY;Samy;MORSY;10.09.1991;MF;Wigan Athletic (ENG);173;6;0;Egypt
6;AHMED HEGAZY;HEGAZY;Ahmed Elsayed;A. HEGAZY;25.01.1991;DF;West Bromwich Albion FC (ENG);194;47;1;Egypt
7;AHMED FATHI;IBRAHIM;Ahmed Fathy Abdelmonem Ahmed;A. FATHI;10.11.1984;DF;Al Ahly Cairo (EGY);176;130;3;Egypt
8;TAREK HAMED;HAMED;Tarek;TAREK HAMED;24.10.1988;MF;Zamalek (EGY);169;25;0;Egypt
9;MARWAN MOHSEN;GAMALELDIN MAHMOUD FAHMY;Marwan Mohsen;MARWAN;26.02.1989;FW;Al Ahly Cairo (EGY);185;24;4;Egypt
10;MOHAMED SALAH;GHALY;Mohamed Salah;M SALAH;15.06.1992;FW;Liverpool (ENG);175;57;36;Egypt
11;KAHRABA;SOLIMAN;Mahmoud Abdelmoneim;M. KAHRABA;13.04.1994;FW;Al Ittihad (Jeddah) (KSA);182;24;3;Egypt
12;AYMAN ASHRAF;ELSEMBESKANY;Ayman Ashraf;A. ASHRAF;09.04.1991;DF;Al Ahly Cairo (EGY);176;3;1;Egypt
13;MOHAMED ABDELSHAFY;ABOUZID;Mohamed Abdelshafy Said;ABDELSHAFY;01.07.1985;DF;Al Fath (KSA);171;54;2;Egypt
14;RAMADAN SOBHY;AHMED;Ramadan Sobhy;RAMADAN;23.01.1997;FW;Stoke (ENG);183;27;1;Egypt
15;MAHMOUD HAMDY;ATTIA;Mahmoud Hamdy;M. HAMDY;01.06.1995;DF;Zamalek (EGY);173;1;0;Egypt
16;SHERIF EKRAMY;AHMED;Sherif Ekramy Ahmed;EKRAMY;10.07.1983;GK;Al Ahly Cairo (EGY);193;23;0;Egypt
17;MOHAMED ELNENY;ELNENY;Mohamed Nasser Elsayed;M. ELNENY;11.07.1992;MF;Arsenal (ENG);181;63;5;Egypt
18;SHIKABALA;FADLALA;Mahmoud Abdelrazek Hassan;SHIKABALA;05.03.1986;FW;Al-Raed Sports Club (KSA);183;32;2;Egypt
19;ABDALLA SAID;BEKHIT;Abdalla Mahmoud Said;ABDALLA;13.07.1985;MF;Kuopion Palloseura (FIN);176;40;6;Egypt
20;SAMIR SAAD;ALI;Saadeldin Samir Saad;S. SAMIR;01.04.1989;DF;Al Masry (EGY);183;11;0;Egypt
21;TREZIGUET;HASSAN;Mahmoud Ahmed Ibrahim;M. TREZIGUET;01.10.1994;MF;Kasimpasa SK (TUR);181;28;2;Egypt
22;AMR WARDA;WARDA;Amr Medhat;WARDA;17.09.1993;FW;Atromitos FC (GRE);179;19;0;Egypt
23;MOHAMED ELSHENAWY;ELSHENAWY GOMAA;Mohamed Elsayed Mohamed;M. ELSHENAWY;18.12.1988;GK;Al Ahly Cairo (EGY);191;5;0;Egypt
1;Jordan PICKFORD;PICKFORD;Jordan Lee;PICKFORD;07.03.1994;GK;Everton (ENG);185;4;0;England
2;Kyle WALKER;WALKER;Kyle Andrew;WALKER;28.05.1990;DF;Manchester City (ENG);178;36;0;England
3;Danny ROSE;ROSE;Daniel Lee;ROSE;02.07.1990;DF;Tottenham Hotspur (ENG);173;18;0;England
4;Eric DIER;DIER;Eric Jeremy Edgar;DIER;15.01.1994;MF;Tottenham Hotspur (ENG);188;27;3;England
5;John STONES;STONES;John;STONES;28.05.1994;DF;Manchester City (ENG);188;27;0;England
6;Harry MAGUIRE;MAGUIRE;Jacob Harry;MAGUIRE;05.03.1993;DF;Leicester (ENG);193;6;0;England
7;Jesse LINGARD;LINGARD;Jesse Ellis;LINGARD;15.12.1992;MF;Manchester United (ENG);175;13;1;England
8;Jordan HENDERSON;HENDERSON;Jordan Brian;HENDERSON;17.06.1990;MF;Liverpool (ENG);183;40;0;England
9;Harry KANE;KANE;Harry Edward;KANE;28.07.1993;FW;Tottenham Hotspur (ENG);188;25;15;England
10;Raheem STERLING;STERLING;Raheem;STERLING;08.12.1994;FW;Manchester City (ENG);170;39;2;England
11;Jamie VARDY;VARDY;Jamie Richard;VARDY;11.01.1987;FW;Leicester (ENG);178;22;7;England
12;Kieran TRIPPIER;TRIPPIER;Kieran John;TRIPPIER;19.09.1990;DF;Tottenham Hotspur (ENG);178;8;0;England
13;Jack BUTLAND;BUTLAND;Jack;BUTLAND;10.03.1993;GK;Stoke (ENG);196;8;0;England
14;Danny WELBECK;WELBECK;Daniel;WELBECK;26.11.1990;FW;Arsenal (ENG);184;39;16;England
15;Gary CAHILL;CAHILL;Gary James;CAHILL;19.12.1985;DF;Chelsea (ENG);191;60;5;England
16;Phil JONES;JONES;Philip Anthony;JONES;21.02.1992;DF;Manchester United (ENG);182;25;0;England
17;Fabian DELPH;DELPH;Fabian;DELPH;21.11.1989;DF;Manchester City (ENG);174;11;0;England
18;Ashley YOUNG;YOUNG;Ashley Simon;YOUNG;09.07.1985;DF;Manchester United (ENG);175;35;7;England
19;Marcus RASHFORD;RASHFORD;Marcus;RASHFORD;31.10.1997;FW;Manchester United (ENG);180;20;3;England
20;Dele ALLI;ALLI;Bamidele Jermaine;DELE;11.04.1996;MF;Tottenham Hotspur (ENG);188;26;2;England
21;Ruben LOFTUS-CHEEK;LOFTUS-CHEEK;Ruben Ira;LOFTUS-CHEEK;23.01.1996;MF;Chelsea (ENG);190;5;0;England
22;Trent ALEXANDER-ARNOLD;ALEXANDER-ARNOLD;Trent John;ALEXANDER-ARNOLD;07.10.1998;DF;Liverpool (ENG);175;1;0;England
23;Nick POPE;POPE;Nicholas David;POPE;19.04.1992;GK;Burnley (ENG);191;1;0;England
1;Hugo LLORIS;LLORIS;Hugo;LLORIS;26.12.1986;GK;Tottenham Hotspur (ENG);188;100;0;France
2;Benjamin PAVARD;PAVARD;Benjamin;PAVARD;28.03.1996;DF;VfB Stuttgart (GER);186;8;0;France
3;Presnel KIMPEMBE;KIMPEMBE;Presnel;KIMPEMBE;13.08.1995;DF;Paris Saint-Germain (FRA);182;2;0;France
4;Raphael VARANE;VARANE;Raphaël Xavier;VARANE;25.04.1993;DF;Real Madrid (ESP);191;44;2;France
5;Samuel UMTITI;UMTITI;Samuel;UMTITI;14.11.1993;DF;FC Barcelona (ESP);183;21;2;France
6;Paul POGBA;POGBA;Paul Labile;POGBA;15.03.1993;MF;Manchester United (ENG);191;56;9;France
7;Antoine GRIEZMANN;GRIEZMANN;Antoine;GRIEZMANN;21.03.1991;FW;Atlético Madrid (ESP);174;56;21;France
8;Thomas LEMAR;LEMAR;Thomas;LEMAR;12.11.1995;FW;AS Monaco (FRA);172;12;3;France
9;Olivier GIROUD;GIROUD;Olivier;GIROUD;30.09.1986;FW;Chelsea (ENG);193;76;31;France
10;Kylian MBAPPE;MBAPPE LOTTIN;Kylian;MBAPPE;20.12.1998;FW;Paris Saint-Germain (FRA);178;17;5;France
11;Ousmane DEMBELE;DEMBELE;Ousmane;DEMBELE;15.05.1997;FW;FC Barcelona (ESP);178;14;2;France
12;Corentin TOLISSO;TOLISSO;Corentin;TOLISSO;03.08.1994;MF;Bayern München (GER);180;10;0;France
13;Ngolo KANTE;KANTE;N'golo;KANTE;29.03.1991;MF;Chelsea (ENG);168;26;1;France
14;Blaise MATUIDI;MATUIDI;Blaise;MATUIDI;09.04.1987;MF;Juventus (ITA);180;69;9;France
15;Steven NZONZI;NZONZI;Steven;NZONZI;15.12.1988;MF;Sevilla FC (ESP);197;5;0;France
16;Steve MANDANDA;MANDANDA MPIDI;Steve;MANDANDA;28.03.1985;GK;Olympique Marseille (FRA);187;27;0;France
17;Adil RAMI;RAMI;Adil;RAMI;27.12.1985;DF;Olympique Marseille (FRA);190;35;1;France
18;Nabil FEKIR;FEKIR;Nabil;FEKIR;18.07.1993;FW;Olympique Lyon (FRA);173;14;2;France
19;Djibril SIDIBE;SIDIBE;Djibril;SIDIBE;29.07.1992;DF;AS Monaco (FRA);184;17;1;France
20;Florian THAUVIN;THAUVIN;Florian;THAUVIN;26.01.1993;FW;Olympique Marseille (FRA);180;4;0;France
21;Lucas HERNANDEZ;HERNANDEZ;Lucas;HERNANDEZ;14.02.1996;DF;Atlético Madrid (ESP);183;7;0;France
22;Benjamin MENDY;MENDY;Benjamin;MENDY;17.07.1994;DF;Manchester City (ENG);183;7;0;France
23;Alphonse AREOLA;AREOLA;Alphonse;AREOLA;27.02.1993;GK;Paris Saint-Germain (FRA);195;0;0;France
1;Manuel NEUER;NEUER;Manuel Peter;NEUER;27.03.1986;GK;Bayern München (GER);193;77;0;Germany
2;Marvin PLATTENHARDT;PLATTENHARDT;Marvin;PLATTENHARDT;26.01.1992;DF;Hertha BSC (GER);181;7;0;Germany
3;Jonas HECTOR;HECTOR;Jonas Armin;HECTOR;27.05.1990;DF;1. FC Köln (GER);185;38;3;Germany
4;Matthias GINTER;GINTER;Matthias Lukas;GINTER;19.01.1994;DF;Borussia Moenchengladbach (GER);189;18;0;Germany
5;Mats HUMMELS;HUMMELS;Mats Julian;HUMMELS;16.12.1988;DF;Bayern München (GER);192;65;5;Germany
6;Sami KHEDIRA;KHEDIRA;Sami;KHEDIRA;04.04.1987;MF;Juventus (ITA);189;76;7;Germany
7;Julian DRAXLER;DRAXLER;Julian;DRAXLER;20.09.1993;MF;Paris Saint-Germain (FRA);185;45;6;Germany
8;Toni KROOS;KROOS;Toni;KROOS;04.01.1990;MF;Real Madrid (ESP);182;84;12;Germany
9;Timo WERNER;WERNER;Timo;WERNER;06.03.1996;FW;RasenBallsport Leipzig (GER);181;15;8;Germany
10;Mesut OEZIL;ÖZIL;Mesut;ÖZIL;15.10.1988;MF;Arsenal (ENG);180;91;23;Germany
11;Marco REUS;REUS;Marco;REUS;31.05.1989;FW;Borussia Dortmund (GER);180;32;9;Germany
12;Kevin TRAPP;TRAPP;Kevin;TRAPP;08.07.1990;GK;Paris Saint-Germain (FRA);189;3;0;Germany
13;Thomas MUELLER;MÜLLER;Thomas;MÜLLER;13.09.1989;MF;Bayern München (GER);186;92;38;Germany
14;Leon GORETZKA;GORETZKA;Leon Christoph;GORETZKA;06.02.1995;MF;Schalke 04 (GER);189;15;6;Germany
15;Niklas SUELE;SÜLE;Niklas;SÜLE;03.09.1995;DF;Bayern München (GER);195;11;0;Germany
16;Antonio RUEDIGER;RÜDIGER;Antonio;RÜDIGER;03.03.1993;DF;Chelsea (ENG);191;24;1;Germany
17;Jerome BOATENG;BOATENG;Jerome Agyenim;BOATENG;03.09.1988;DF;Bayern München (GER);192;72;1;Germany
18;Joshua KIMMICH;KIMMICH;Joshua Walter;KIMMICH;08.02.1995;DF;Bayern München (GER);176;30;3;Germany
19;Sebastian RUDY;RUDY;Sebastian;RUDY;28.02.1990;MF;Bayern München (GER);179;25;1;Germany
20;Julian BRANDT;BRANDT;Julian;BRANDT;02.05.1996;MF;Bayer Leverkusen (GER);183;17;1;Germany
21;Ilkay GUENDOGAN;GÜNDOGAN;Ilkay;GÜNDOGAN;24.10.1990;MF;Manchester City (ENG);180;26;4;Germany
22;Marc-Andre TER STEGEN;TER STEGEN;Marc-André;TER STEGEN;30.04.1992;GK;FC Barcelona (ESP);187;20;0;Germany
23;Mario GOMEZ;GOMEZ GARCIA;Mario;GOMEZ;10.07.1985;FW;VfB Stuttgart (GER);189;76;31;Germany
1;Hannes HALLDORSSON;HALLDORSSON;Hannes Thor;HALLDORSSON;27.04.1984;GK;Randers FC (DEN);193;51;0;Iceland
2;Birkir SAEVARSSON;SAEVARSSON;Birkir Mar;SÆVARSSON;11.11.1984;DF;Valur (ISL);186;81;1;Iceland
3;Samuel FRIDJONSSON;FRIDJONSSON;Samúel Kári;FRIDJÓNSSON;22.02.1996;MF;Vålerenga Fotball (NOR);185;4;1;Iceland
4;Albert GUDMUNDSSON;GUDMUNDSSON;Albert;A. GUDMUNDSSON;15.06.1997;MF;PSV (NED);177;5;3;Iceland
5;Sverrir INGASON;INGASON;Sverrir Ingi;INGASON;05.08.1993;DF;FK Rostov (RUS);188;21;3;Iceland
6;Ragnar SIGURDSSON;SIGURDSSON;Ragnar;R. SIGURDSSON;19.06.1986;DF;FK Rostov (RUS);187;79;3;Iceland
7;Johann GUDMUNDSSON;GUDMUNDSSON;Johann Berg;J. GUDMUNDSSON;27.10.1990;MF;Burnley (ENG);179;68;7;Iceland
8;Birkir BJARNASON;BJARNASON;Birkir;BJARNASON;27.05.1988;MF;Aston Villa (ENG);183;69;9;Iceland
9;Bjorn SIGURDARSON;SIGURDARSON;Bjorn Bergmann;SIGURDARSON;26.02.1991;FW;FK Rostov (RUS);187;15;1;Iceland
10;Gylfi SIGURDSSON;SIGURDSSON;Gylfi Thor;G. SIGURDSSON;08.09.1989;MF;Everton (ENG);186;59;19;Iceland
11;Alfred FINNBOGASON;FINNBOGASON;Alfred;FINNBOGASON;01.02.1989;FW;FC Augsburg (GER);185;49;14;Iceland
12;Frederik SCHRAM;SCHRAM;Frederik August Albrecht;SCHRAM;19.01.1995;GK;Roskilde BK (DEN);198;4;0;Iceland
13;Runar RUNARSSON;RÚNARSSON;Rúnar Alex;RÚNARSSON;18.02.1995;GK;FC Nordsjælland (DEN);186;3;0;Iceland
14;Kari ARNASON;ARNASON;Kari;ÁRNASON;13.10.1982;DF;Aberdeen (SCO);191;69;5;Iceland
15;Holmar EYJOLFSSON;EYJOLFSSON;Holmar Orn;EYJÓLFSSON;06.08.1990;DF;Levski Sofia (BUL);188;10;1;Iceland
16;Olafur SKULASON;SKULASON;Olafur Ingi;Ó. SKÚLASON;01.04.1983;MF;Karabukspor (TUR);184;36;1;Iceland
17;Aron GUNNARSSON;GUNNARSSON;Aron Einar;GUNNARSSON;22.04.1989;MF;Cardiff City (WAL);181;79;2;Iceland
18;Hordur MAGNUSSON;MAGNUSSON;Hordur Bjorgvin;MAGNÚSSON;11.02.1993;DF;Bristol City (ENG);191;18;2;Iceland
19;Rurik GISLASON;GISLASON;Rurik;GÍSLASON;25.02.1988;MF;SV Sandhausen (GER);184;49;3;Iceland
20;Emil HALLFREDSSON;HALLFREDSSON;Emil;HALLFREDSSON;29.06.1984;MF;Udinese (ITA);186;65;1;Iceland
21;Arnor TRAUSTASON;TRAUSTASON;Arnor Ingvi;TRAUSTASON;30.04.1993;MF;Malmö FF (SWE);183;19;5;Iceland
22;Jon BODVARSSON;BODVARSSON;Jon Dadi;BÖDVARSSON;25.05.1992;FW;Reading (ENG);189;39;2;Iceland
23;Ari SKULASON;SKULASON;Ari Freyr;A. SKÚLASON;14.05.1987;DF;Lokeren (BEL);170;58;0;Iceland
1;Ali BEIRANVAND;SAFARBEIRANVAND;Ali Reza;A. BEIRANVAND;21.09.1992;GK;Persepolis Football Club (IRN);194;24;0;IR Iran
2;Mahdi TORABI;TORABI;Mahdi;M. TORABI;10.09.1994;MF;Saipa (IRN);185;15;4;IR Iran
3;Ehsan HAJI SAFI;HAJI SAFI;Ehsan;HAJI SAFI;25.02.1990;DF;Olympiacos (GRE);178;96;6;IR Iran
4;Roozbeh CHESHMI;CHESHMI;Roozbeh;R. CHESHMI;24.07.1993;DF;Esteghlal Tehran (IRN);192;10;1;IR Iran
5;Milad MOHAMMADI;MOHAMMADI KESHMARZI;Milad;M. MOHAMMADI;29.09.1993;DF;FC Akhmat Grozny (RUS);178;20;0;IR Iran
6;Saeid EZATOLAHI;EZATOLAHI AFAGH;Saeid;S. EZATOLAHI;01.10.1996;MF;FK Amkar Perm (RUS);190;26;2;IR Iran
7;Masoud SHOJAEI;SOLEIMANI SHOJAEI;Masoud;SHOJAEI. M;09.06.1984;MF;AEK Athinai (GRE);187;75;8;IR Iran
8;Morteza POURALIGANJI;POURALIGANJI;Morteza;M. POURALIGANJI;19.04.1992;DF;Al Sadd (QAT);187;29;2;IR Iran
9;Omid EBRAHIMI;EBRAHIMI ZARANDINI;Omid;OMID;16.09.1987;MF;Esteghlal Tehran (IRN);178;31;0;IR Iran
10;Karim ANSARIFARD;ANSARIFARD;Karim;KARIM;03.04.1990;FW;Olympiacos (GRE);187;66;18;IR Iran
11;Vahid AMIRI;AMIRI;Vahid;V. AMIRI;02.04.1988;MF;Persepolis Football Club (IRN);179;37;1;IR Iran
12;Rashid MAZAHERI;MAZAHERI;Mohammad Rashid;RASHID;18.05.1989;GK;Zob Ahan Isfahan FC (IRN);192;3;0;IR Iran
13;Mohammad Reza KHANZADEH;KHANZADEH DARABY;Mohammad Reza;M.R. KHANZADEH;11.05.1991;DF;Padideh Khorasan Football Club (IRN);186;8;1;IR Iran
14;Saman GHODDOS;GHODDOOS;Seyed Saman;GHODDOS;06.09.1993;FW;IFK Östersund FK (SWE);177;9;1;IR Iran
15;Pejman MONTAZERI;MONTAZERI;Pejman;P. MONTAZERI;06.09.1983;DF;Esteghlal Tehran (IRN);185;46;1;IR Iran
16;Reza GHOOCHANNEJHAD;GHOOCHANNEJHAD NOURNIA;Reza;REZA;20.09.1987;FW;sc Heerenveen (NED);180;43;17;IR Iran
17;Mehdi TAREMI;TAREMI;Mehdi;MEHDI;18.07.1992;FW;Al Gharrafa (QAT);187;28;11;IR Iran
18;Alireza JAHANBAKHSH;JAHANBAKHSH JIRANDEH;Alireza;A. JAHANBAKHSH;11.08.1993;FW;AZ (NED);180;40;4;IR Iran
19;Majid HOSSEINI;HOSSEINI;Seyed Majid;M. HOSSEINI;20.06.1996;DF;Esteghlal Tehran (IRN);183;3;0;IR Iran
20;Sardar AZMOUN;AZMOUN;Sardar;SARDAR;01.01.1995;FW;Rubin Kazan (RUS);186;34;23;IR Iran
21;Ashkan DEJAGAH;DEJAGAH;Seyed Ashkan;DEJAGAH;05.07.1986;FW;Nottingham Forest FC (ENG);181;45;9;IR Iran
22;Amir ABEDZADEH;ABEDZADEH;Amir;ABEDZADEH;26.04.1993;GK;CS Marítimo (POR);186;1;0;IR Iran
23;Ramin REZAEIAN;REZAEIAN SEMESKANDI;Ramin;RAMIN;21.03.1990;DF;KV Oostende (BEL);185;28;2;IR Iran
1;Eiji KAWASHIMA;KAWASHIMA;Eiji;KAWASHIMA;20.03.1983;GK;FC Metz (FRA);185;85;0;Japan
2;Naomichi UEDA;UEDA;Naomichi;UEDA;24.10.1994;DF;Kashima Antlers (JPN);186;4;0;Japan
3;Gen SHOJI;SHOJI;Gen;SHOJI;11.12.1992;DF;Kashima Antlers (JPN);182;13;1;Japan
4;Keisuke HONDA;HONDA;Keisuke;HONDA;13.06.1986;MF;CF Pachuca (MEX);182;96;36;Japan
5;Yuto NAGATOMO;NAGATOMO;Yuto;NAGATOMO;12.09.1986;DF;Galatasaray (TUR);170;106;3;Japan
6;Wataru ENDO;ENDO;Wataru;ENDO;09.02.1993;DF;Urawa Reds (JPN);178;12;0;Japan
7;Gaku SHIBASAKI;SHIBASAKI;Gaku;SHIBASAKI;28.05.1992;MF;Getafe CF (ESP);175;19;3;Japan
8;Genki HARAGUCHI;HARAGUCHI;Genki;HARAGUCHI;09.05.1991;MF;Fortuna Duesseldorf (GER);178;34;6;Japan
9;Shinji OKAZAKI;OKAZAKI;Shinji;OKAZAKI;16.04.1986;FW;Leicester (ENG);174;114;50;Japan
10;Shinji KAGAWA;KAGAWA;Shinji;KAGAWA;17.03.1989;MF;Borussia Dortmund (GER);175;93;31;Japan
11;Takashi USAMI;USAMI;Takashi;USAMI;06.05.1992;MF;Fortuna Duesseldorf (GER);178;24;3;Japan
12;Masaaki HIGASHIGUCHI;HIGASHIGUCHI;Masaaki;HIGASHIGUCHI;12.05.1986;GK;Gamba Osaka (JPN);184;5;0;Japan
13;Yoshinori MUTO;MUTO;Yoshinori;MUTO;15.07.1992;FW;Mainz 05 (GER);179;23;2;Japan
14;Takashi INUI;INUI;Takashi;INUI;02.06.1988;MF;Eibar (ESP);169;28;4;Japan
15;Yuya OSAKO;OSAKO;Yuya;OSAKO;18.05.1990;FW;1. FC Köln (GER);182;30;8;Japan
16;Hotaru YAMAGUCHI;YAMAGUCHI;Hotaru;YAMAGUCHI;06.10.1990;MF;Cerezo Osaka (JPN);173;43;2;Japan
17;Makoto HASEBE;HASEBE;Makoto;HASEBE;18.01.1984;MF;Eintracht Frankfurt (GER);180;111;2;Japan
18;Ryota OHSHIMA;OHSHIMA;Ryota;OHSHIMA;23.01.1993;MF;Kawasaki Frontale (JPN);168;5;0;Japan
19;Hiroki SAKAI;SAKAI;Hiroki;H. SAKAI;12.04.1990;DF;Olympique Marseille (FRA);183;44;0;Japan
20;Tomoaki MAKINO;MAKINO;Tomoaki;MAKINO;11.05.1987;DF;Urawa Reds (JPN);182;32;4;Japan
21;Gotoku SAKAI;SAKAI;Gotoku;G. SAKAI;14.03.1991;DF;Hamburger SV (GER);176;41;0;Japan
22;Maya YOSHIDA;YOSHIDA;Maya;YOSHIDA;24.08.1988;DF;Southampton (ENG);189;83;10;Japan
23;Kosuke NAKAMURA;NAKAMURA;Kosuke;NAKAMURA;27.02.1995;GK;Kashiwa Reysol (JPN);184;4;0;Japan
1;KIM Seunggyu;KIM;Seunggyu;S G KIM;30.09.1990;GK;Vissel Kobe (JPN);187;33;0;Korea Republic
2;LEE Yong;LEE;Yong;Y LEE;24.12.1986;DF;Jeonbuk Motors (KOR);180;29;0;Korea Republic
3;JUNG Seunghyun;JUNG;Seunghyun;S H JUNG;03.04.1994;DF;Sagan Tosu Football Club (JPN);188;6;0;Korea Republic
4;OH Bansuk;OH;Bansuk;B S OH;20.05.1988;DF;Jeju United (KOR);189;2;0;Korea Republic
5;YUN Youngsun;YUN;Youngsun;Y S YUN;04.10.1988;DF;Seongnam Ilhwa Chunma (KOR);185;6;0;Korea Republic
6;PARK Jooho;PARK;Jooho;J H PARK;16.01.1987;DF;Ulsan Hyundai (KOR);174;37;0;Korea Republic
7;SON Heungmin;SON;Heungmin;H M SON;08.07.1992;FW;Tottenham Hotspur (ENG);183;68;21;Korea Republic
8;JU Sejong;JU;Sejong;S J JU;30.10.1990;MF;Asan Mugunghwa Football Club (KOR);176;10;1;Korea Republic
9;KIM Shinwook;KIM;Shinwook;S W KIM;14.04.1988;FW;Jeonbuk Motors (KOR);197;51;10;Korea Republic
10;LEE Seungwoo;LEE;Seungwoo;S W LEE;06.01.1998;MF;Verona (ITA);170;5;0;Korea Republic
11;HWANG Heechan;HWANG;Hee Chan;H C HWANG;26.01.1996;FW;Red Bull Salzburg (AUT);177;15;2;Korea Republic
12;KIM Minwoo;KIM;Minwoo;M W KIM;25.02.1990;DF;Sangmu (KOR);172;21;1;Korea Republic
13;KOO Jacheol;KOO;Jacheol;J C KOO;27.02.1989;MF;FC Augsburg (GER);182;69;19;Korea Republic
14;HONG Chul;HONG;Chul;C HONG;17.09.1990;DF;Sangmu (KOR);176;14;0;Korea Republic
15;JUNG Wooyoung;JUNG;Wooyoung;W Y JUNG;14.12.1989;MF;Vissel Kobe (JPN);186;30;1;Korea Republic
16;KI Sungyueng;KI;Sungyueng;S Y KI;24.01.1989;MF;Swansea City (WAL);186;103;10;Korea Republic
17;LEE Jaesung;LEE;Jaesung;J S LEE;10.08.1992;MF;Jeonbuk Motors (KOR);180;36;6;Korea Republic
18;MOON Seonmin;MOON;Seon Min;S M MOON;09.06.1992;MF;Incheon United (KOR);172;3;1;Korea Republic
19;KIM Younggwon;KIM;Younggwon;Y G KIM;27.02.1990;DF;Guangzhou Evergrande Taobao FC (CHN);184;54;2;Korea Republic
20;JANG Hyunsoo;JANG;Hyunsoo;H S JANG;28.09.1991;DF;FC Tokyo (JPN);187;52;3;Korea Republic
21;KIM Jinhyeon;KIM;Jinhyeon;J H KIM;06.07.1987;GK;Cerezo Osaka (JPN);193;15;0;Korea Republic
22;GO Yohan;GO;Yohan;Y H GO;10.03.1988;DF;FC Seoul (KOR);170;19;0;Korea Republic
23;JO Hyeonwoo;JO;Hyeonwoo;H W JO;25.09.1991;GK;Daegu FC (KOR);189;7;0;Korea Republic
1;Jose CORONA;CORONA RODRIGUEZ;Jose De Jesus;J. CORONA;26.01.1981;GK;Cruz Azul (MEX);182;54;0;Mexico
2;Hugo AYALA;AYALA CASTRO;Hugo;H. AYALA;31.03.1987;DF;Tigres (MEX);188;44;1;Mexico
3;Carlos SALCEDO;SALCEDO HERNANDEZ;Carlos Joel;C. SALCEDO;29.09.1993;DF;Eintracht Frankfurt (GER);189;22;0;Mexico
4;Rafael MARQUEZ;MARQUEZ ALVAREZ;Rafael;R. MÁRQUEZ;13.02.1979;DF;Atlas (MEX);184;146;15;Mexico
5;Erick GUTIERREZ;GUTIÉRREZ GALAVIZ;Erick Gabriel;E. GUTIÉRREZ;15.06.1995;MF;CF Pachuca (MEX);176;8;0;Mexico
6;Jonathan DOS SANTOS;DOS SANTOS RAMÍREZ;Jonathan;J. DOS SANTOS;26.04.1990;MF;LA Galaxy (USA);173;37;0;Mexico
7;Miguel LAYUN;LAYUN PRADO;Miguel Arturo;M. LAYÚN;25.06.1988;MF;Sevilla FC (ESP);180;65;6;Mexico
8;Marco FABIAN;FABIAN DE LA MORA;Marco Jhonfai;M. FABIÁN;21.07.1989;FW;Eintracht Frankfurt (GER);171;39;9;Mexico
9;Raul JIMENEZ;JIMENEZ RODRIGUEZ;Raul Alonso;RAÚL;05.05.1991;FW;Benfica (POR);188;64;14;Mexico
10;Giovani DOS SANTOS;DOS SANTOS RAMIREZ;Giovani;G. DOS SANTOS;11.05.1989;MF;LA Galaxy (USA);178;105;19;Mexico
11;Carlos VELA;VELA GARRIDO;Carlos Alberto;CARLOS V;01.03.1989;FW;Los Angeles Football Club (USA);178;69;18;Mexico
12;Alfredo TALAVERA;TALAVERA DIAZ;Alfredo;A. TALAVERA;18.09.1982;GK;Toluca (MEX);188;68;0;Mexico
13;Guillermo OCHOA;OCHOA MAGANA;Francisco Guillermo;G. OCHOA;13.07.1985;GK;Standard Liège (BEL);185;95;0;Mexico
14;Javier HERNANDEZ;HERNANDEZ BALCAZAR;Javier;J. HERNÁNDEZ;01.06.1988;FW;West Ham United (ENG);175;103;49;Mexico
15;Hector MORENO;MORENO HERRERA;Hector Alfredo;H. MORENO;17.01.1988;DF;Real Sociedad (ESP);182;93;3;Mexico
16;Hector HERRERA;HERRERA LOPEZ;Hector Miguel;H. HERRERA;19.04.1990;DF;FC Porto (POR);180;67;5;Mexico
17;Jesus CORONA;CORONA RUIZ;Jesus Manuel;JESÚS C.;06.01.1993;MF;FC Porto (POR);174;36;7;Mexico
18;Andres GUARDADO;GUARDADO HERNANDEZ;Jose Andres;A. GUARDADO;28.09.1986;MF;Real Betis (ESP);167;148;25;Mexico
19;Oribe PERALTA;PERALTA MORONES;Oribe;O. PERALTA;12.01.1984;FW;America (MEX);178;66;26;Mexico
20;Javier AQUINO;AQUINO CARMONA;Javier Ignacio;J. AQUINO;11.02.1990;MF;Tigres (MEX);166;53;0;Mexico
21;Edson ALVAREZ;ALVAREZ VELAZQUEZ;Edson Omar;E. ÁLVAREZ;24.10.1997;DF;America (MEX);186;14;1;Mexico
22;Hirving LOZANO;LOZANO BAHENA;Hirving Rodrigo;H. LOZANO;30.07.1995;FW;PSV (NED);176;29;8;Mexico
23;Jesus GALLARDO;GALLARDO VASCONCELOS;Jesus Daniel;J. GALLARDO;15.08.1994;MF;Pumas UNAM (MEX);177;24;0;Mexico
1;Yassine BOUNOU;BOUNOU;Yassine;BOUNOU;05.04.1991;GK;Girona Futbol Club (ESP);190;34;0;Morocco
2;Achraf HAKIMI;HAKIMI;Achraf;HAKIMI;04.11.1998;DF;Real Madrid (ESP);179;14;1;Morocco
3;Hamza MENDYL;MENDYL;Hamza;MENDYL;21.10.1997;DF;Lille OSC (FRA);179;16;0;Morocco
4;Manuel DA COSTA;DA COSTA TRINDADE;Manuel Marouan;DA COSTA;06.05.1986;DF;Istanbul Ba?ak?ehir (TUR);187;29;2;Morocco
5;Mehdi BENATIA;EL MOUTTAQUI;Mehdi Amine;BENATIA;17.04.1987;DF;Juventus (ITA);188;62;4;Morocco
6;Ghanem SAISS;SAISS;Ghanem;SAISS;26.03.1990;DF;Wolverhampton (ENG);190;27;2;Morocco
7;Hakim ZIYACH;ZIYACH;Hakim;ZIYACH;19.03.1993;MF;Ajax (NED);180;20;10;Morocco
8;Karim EL AHMADI;EL AHMADI AROUSSI;Karim;EL AHMADI;27.01.1985;MF;Feyenoord (NED);179;54;1;Morocco
9;Ayoub EL KAABI;EL KAABI;Ayoub;EL KAABI;25.06.1993;FW;RS Berkane (MAR);182;5;2;Morocco
10;Younes BELHANDA;BELHANDA;Younes;BELHANDA;25.02.1990;MF;Galatasaray (TUR);174;52;5;Morocco
11;Faycal FAJR;FAJR;Faycal;FAJR;01.08.1988;MF;Getafe CF (ESP);178;25;2;Morocco
12;Monir EL KAJOUI;EL KAJOUI;Monir;EL KAJOUI;10.05.1989;GK;Numancia (ESP);190;35;0;Morocco
13;Khalid BOUTAIB;BOUTAIB;Khalid;BOUTAIB;24.04.1987;FW;Malatyaspor (TUR);190;21;9;Morocco
14;Mbark BOUSSOUFA;BOUSSOUFA;M'bark;BOUSSOUFA;15.08.1984;MF;Al Jazeira (UAE);167;63;7;Morocco
15;Youssef AIT BENNASSER;AIT BENNASSER;Youssef;AIT BENNASSER;07.07.1996;MF;Caen (FRA);184;14;0;Morocco
16;Noureddine AMRABAT;AMRABAT;Noureddine;N. AMRABAT;31.03.1987;MF;Leganes (ESP);178;47;4;Morocco
17;Nabil DIRAR;DIRAR;Nabil;DIRAR;25.02.1986;DF;Fenerbahçe (TUR);187;39;5;Morocco
18;Amine HARIT;HARIT;Amine;HARIT;18.06.1997;MF;Schalke 04 (GER);179;8;0;Morocco
19;Youssef EN NESYRI;EN NESYRI;Youssef;EN-NESYRI;01.06.1997;FW;Malaga (ESP);188;16;2;Morocco
20;Aziz BOUHADDOUZ;BOUHADDOUZ;Aziz;BOUHADDOUZ;30.03.1987;FW;St. Pauli (GER);188;16;3;Morocco
21;Sofyan AMRABAT;AMRABAT;Sofyan;S. AMRABAT;21.08.1996;MF;Feyenoord (NED);183;7;0;Morocco
22;Ahmed TAGNAOUTI;TAGNAOUTI;Ahmed Reda;TAGNAOUTI;05.04.1996;GK;IRT Tanger (MAR);186;5;0;Morocco
23;Mehdi CARCELA;CARCELA GONZALEZ;Mehdi François;CARCELA;01.07.1989;MF;Standard Liège (BEL);176;22;1;Morocco
1;Ikechukwu EZENWA;EZENWA;Ikechukwu Vincent;EZENWA;16.10.1988;GK;Enyimba (NGA);181;24;0;Nigeria
2;Bryan IDOWU;IDOWU;Bryan Oladapo;IDOWU;18.05.1992;DF;FK Amkar Perm (RUS);179;7;1;Nigeria
3;Elderson ECHIEJILE;ECHIEJILE;Elderson Uwa;ECHIEJILE;20.01.1988;DF;Cercle Brugge (BEL);185;59;2;Nigeria
4;Wilfred NDIDI;NDIDI;Onyinye Wilfred;NDIDI;16.12.1996;MF;Leicester (ENG);184;19;0;Nigeria
5;William EKONG;EKONG;William Paul;EKONG;01.09.1993;DF;Bursaspor (TUR);191;23;1;Nigeria
6;Leon BALOGUN;BALOGUN;Leon Aderemi;BALOGUN;28.06.1988;DF;Mainz 05 (GER);190;21;0;Nigeria
7;Ahmed MUSA;MUSA;Ahmed;MUSA;14.10.1992;FW;CSKA Moskva (RUS);173;72;15;Nigeria
8;Oghenekaro ETEBO;ETEBO;Oghenekaro Peter;ETEBO;09.11.1995;MF;Las Palmas (ESP);174;14;1;Nigeria
9;Odion IGHALO;IGHALO;Odion Jude;IGHALO;16.06.1989;FW;Changchun Yatai (CHN);188;21;4;Nigeria
10;John Obi MIKEL;MIKEL;John Obi;MIKEL;22.04.1987;MF;Tianjin Teda (CHN);188;84;6;Nigeria
11;Victor MOSES;MOSES;Victor;MOSES;12.12.1990;FW;Chelsea (ENG);177;33;11;Nigeria
12;Abdullahi SHEHU;SHEHU;Abdullahi;SHEHU;12.03.1993;DF;Bursaspor (TUR);182;16;0;Nigeria
13;Simeon NWANKWO;NWANKWO;Simeon Tochukwu;NWANKWO;07.05.1992;FW;Crotone FC (ITA);197;3;0;Nigeria
14;Kelechi IHEANACHO;IHEANACHO;Kelechi Promise;IHEANACHO;10.03.1996;FW;Leicester (ENG);183;19;8;Nigeria
15;Joel OBI;OBI;Joel Chukwuma;OBI;22.05.1991;MF;Torino (ITA);177;17;0;Nigeria
16;Daniel AKPEYI;AKPEYI;Daniel;AKPEYI;08.03.1986;GK;Chippa United FC (RSA);187;6;0;Nigeria
17;Ogenyi ONAZI;ONAZI;Ogenyi Eddy;ONAZI;25.12.1992;MF;Trabzonspor (TUR);172;50;1;Nigeria
18;Alex IWOBI;IWOBI;Alexander Chuka;IWOBI;03.05.1996;FW;Arsenal (ENG);185;20;5;Nigeria
19;John OGU;OGU;Ugochukwu John;OGU;20.04.1988;MF;Hapoel Beer Sheva (ISR);191;19;2;Nigeria
20;Chidozie AWAZIEM;AWAZIEM;Chidozie Collins;AWAZIEM;01.01.1997;DF;Nantes (FRA);192;3;0;Nigeria
21;Tyronne EBUEHI;EBUEHI;Tyronne Efe;EBUEHI;16.12.1995;DF;ADO Den Haag (NED);187;8;0;Nigeria
22;Kenneth OMERUO;OMERUO;Kenneth Josiah;OMERUO;17.10.1993;DF;Kasimpasa SK (TUR);185;39;0;Nigeria
23;Francis UZOHO;UZOHO;Francis Odinaka;UZOHO;28.10.1998;GK;Deportivo La Coruña (ESP);196;8;0;Nigeria
1;Jaime PENEDO;PENEDO CANO;Jaime Manuel;PENEDO;26.09.1981;GK;Dinamo Bucuresti (ROU);183;132;0;Panama
2;Michael MURILLO;MURILLO BERMUDEZ;Michael Amir;MURILLO;11.02.1996;DF;New York (USA);183;23;2;Panama
3;Harold CUMMINGS;CUMMINGS SEGURA;Harold Oshkaly;CUMMINGS;01.03.1992;DF;San Jose Earthquakes (USA);183;47;0;Panama
4;Fidel ESCOBAR;ESCOBAR MENDIETA;Fidel;ESCOBAR;09.01.1995;DF;New York (USA);182;24;1;Panama
5;Roman TORRES;TORRES MORCILLO;Román;R. TORRES;20.03.1986;DF;Seattle Sounders Football Club (USA);188;109;10;Panama
6;Gabriel GOMEZ;GOMEZ GIRON;Gabriel Enrique;GOMEZ;29.05.1984;MF;Bucaramanga (COL);183;143;11;Panama
7;Blas PEREZ;PEREZ ORTEGA;Blas Antonio Miguel;PEREZ;13.03.1981;FW;Municipal (GUA);187;118;43;Panama
8;Edgar BARCENAS;BARCENAS HERRERA;Edgar Yoel;BARCENAS;23.10.1993;MF;Cafetaleros de Tapachula (MEX);175;30;0;Panama
9;Gabriel TORRES;TORRES TEJADA;Gabriel Arturo;G. TORRES;31.10.1988;FW;Huachipato (CHI);180;73;14;Panama
10;Ismael DIAZ;DIAZ DE LEON;Ismael;DIAZ;12.05.1997;FW;Deportivo La Coruña (ESP);181;9;2;Panama
11;Armando COOPER;COOPER WHITAKER;Armando Enrique;COOPER;26.11.1987;MF;Universidad de Chile (CHI);173;98;7;Panama
12;Jose CALDERON;CALDERON FRIAS;Jose De Jesus;CALDERON;14.08.1985;GK;Chorrillo (PAN);187;32;0;Panama
13;Adolfo MACHADO;MACHADO;Adolfo Abdiel;MACHADO;14.02.1985;DF;Houston Dynamo (USA);182;76;1;Panama
14;Valentin PIMENTEL;PIMENTEL ARMUELLES;Valentin Enrique;PIMENTEL;30.05.1991;MF;Plaza Amador (PAN);189;23;1;Panama
15;Eric DAVIS;DAVIS GRAJALES;Eric Javier;DAVIS;31.03.1991;DF;DAC Dunajska Streda (SVK);180;39;0;Panama
16;Abdiel ARROYO;ARROYO MOLINAR;Abdiel;ARROYO;13.12.1993;FW;Alajuelense (CRC);183;33;5;Panama
17;Luis OVALLE;OVALLE VICTORIA;Luis Carlos;OVALLE;07.09.1988;DF;Olimpia (HON);178;25;0;Panama
18;Luis TEJADA;TEJADA HANSELL;Luis Carlos;TEJADA;28.03.1982;FW;Sport Boys Association (PER);183;105;43;Panama
19;Ricardo AVILA;AVILA;Ricardo;AVILA;04.02.1997;MF;AA Gent (BEL);182;5;0;Panama
20;Anibal GODOY;GODOY LEMUS;Anibal Casis;GODOY;10.02.1990;MF;San Jose Earthquakes (USA);183;89;1;Panama
21;Jose Luis RODRIGUEZ;RODRIGUEZ FRANCIS;José Luis;J. RODRIGUEZ;19.06.1998;MF;AA Gent (BEL);180;3;0;Panama
22;Alex RODRIGUEZ;RODRIGUEZ LEDEZMA;Alex Raul;RODRIGUEZ;05.08.1990;GK;San Francisco (PAN);197;6;0;Panama
23;Felipe BALOY;BALOY RAMIREZ;Felipe Abdiel;BALOY;24.02.1981;DF;Municipal (GUA);185;100;3;Panama
1;Pedro GALLESE;GALLESE QUIROZ;Pedro David;GALLESE;23.02.1990;GK;Veracruz (MEX);189;41;0;Peru
2;Alberto RODRIGUEZ;RODRIGUEZ VALDELOMAR;Alberto Junior;RODRIGUEZ;31.03.1984;DF;Junior (COL);179;75;0;Peru
3;Aldo CORZO;CORZO CHAVEZ;Aldo Sebastian;CORZO;20.05.1989;DF;Universitario (PER);172;24;0;Peru
4;Anderson SANTAMARIA;SANTAMARIA BARDALES;Anderson;SANTAMARIA;10.01.1992;DF;Puebla FC (MEX);183;7;0;Peru
5;Miguel ARAUJO;ARAUJO BLANCO;Miguel Gianpierre;ARAUJO;24.10.1994;DF;Alianza Lima (PER);178;8;0;Peru
6;Miguel TRAUCO;TRAUCO SAAVEDRA;Miguel Angel;TRAUCO;25.08.1992;DF;Flamengo (BRA);169;28;0;Peru
7;Paolo HURTADO;HURTADO HUERTAS;Christopher Paolo César;HURTADO;27.07.1990;MF;Guimaraes (POR);174;33;3;Peru
8;Christian CUEVA;CUEVA BRAVO;Christian Alberto;CUEVA;23.11.1991;MF;São Paulo (BRA);169;47;8;Peru
9;Paolo GUERRERO;GUERRERO GONZALES;Jose Paolo;GUERRERO;01.01.1984;FW;Flamengo (BRA);185;91;35;Peru
10;Jefferson FARFAN;FARFAN GUADALUPE;Jefferson Agustin;FARFAN;26.10.1984;FW;Lokomotiv Moskva (RUS);177;86;25;Peru
11;Raul RUIDIAZ;RUIDIAZ MISITICH;Raul Mario;RUIDIAZ;25.07.1990;FW;Monarcas Morelia (MEX);169;32;4;Peru
12;Carlos CACEDA;CACEDA OLLAGUEZ;Carlos Alberto;CACEDA;27.09.1991;GK;Deportivo Municipal (PER);184;6;0;Peru
13;Renato TAPIA;TAPIA CORTIJO;Renato Fabrizio;TAPIA;28.07.1995;MF;Feyenoord (NED);185;32;3;Peru
14;Andy POLO;POLO ANDRADE;Andy Jorman;POLO;29.09.1994;MF;Portland Timbers (USA);174;17;1;Peru
15;Christian RAMOS;RAMOS GARAGAY;Christian Guillermo Martin;RAMOS;04.11.1988;DF;Veracruz (MEX);182;72;3;Peru
16;Wilder CARTAGENA;CARTAGENA MENDOZA;Wilder Jose;CARTAGENA;23.09.1994;MF;Veracruz (MEX);179;3;0;Peru
17;Luis ADVINCULA;ADVINCULA CASTRILLON;Luis Jan Piers;ADVINCULA;02.03.1990;DF;Universidad Autónoma de Puebla (MEX);178;67;0;Peru
18;Andre CARRILLO;CARRILLO DIAZ;Andre Martin;CARRILLO;14.06.1991;FW;Watford (ENG);182;48;5;Peru
19;Yoshimar YOTUN;YOTUN FLORES;Victor Yoshimar;YOTUN;07.04.1990;MF;Orlando City SC (USA);172;75;2;Peru
20;Edison FLORES;FLORES PERALTA;Edison Michael;FLORES;14.05.1994;FW;AaB (DEN);170;31;9;Peru
21;Jose CARVALLO;CARVALLO ALONSO;Jose Aurelio;CARVALLO;01.03.1986;GK;Universidad Técnica (PER);182;6;0;Peru
22;Nilson LOYOLA;LOYOLA MORALES;Nilson Evair;LOYOLA;26.10.1994;DF;Foot Ball Club Melgar (PER);179;3;0;Peru
23;Pedro AQUINO;AQUINO SANCHEZ;Pedro Jesus;AQUINO;13.04.1995;MF;Universidad Autónoma de Puebla (MEX);174;15;0;Peru
1;Wojciech SZCZESNY;SZCZ?SNY;Wojciech Tomasz;SZCZ?SNY;18.04.1990;GK;Juventus (ITA);195;36;0;Poland
2;Michal PAZDAN;PAZDAN;Michal;PAZDAN;21.09.1987;DF;Legia Warszawa (POL);181;34;0;Poland
3;Artur JEDRZEJCZYK;JEDRZEJCZYK;Artur Marcin;J?DRZEJCZYK;04.11.1987;DF;Legia Warszawa (POL);189;36;3;Poland
4;Thiago CIONEK;CIONEK;Thiago Rangel;CIONEK;21.04.1986;DF;Spal Ferrara (ITA);184;20;0;Poland
5;Jan BEDNAREK;BEDNAREK;Jan Kacper;BEDNAREK;12.04.1996;DF;Southampton (ENG);189;4;0;Poland
6;Jacek GORALSKI;GORALSKI;Jacek;GÓRALSKI;21.09.1992;MF;PFC Ludogorets Razgrad (BUL);172;5;0;Poland
7;Arkadiusz MILIK;MILIK;Arkadiusz Krystian;MILIK;28.02.1994;FW;SSC Napoli (ITA);186;41;12;Poland
8;Karol LINETTY;LINETTY;Karol;LINETTY;02.02.1995;MF;Sampdoria (ITA);176;20;1;Poland
9;Robert LEWANDOWSKI;LEWANDOWSKI;Robert;LEWANDOWSKI;21.08.1988;FW;Bayern München (GER);185;96;55;Poland
10;Grzegorz KRYCHOWIAK;KRYCHOWIAK;Grzegorz;KRYCHOWIAK;29.01.1990;MF;West Bromwich Albion FC (ENG);186;52;3;Poland
11;Kamil GROSICKI;GROSICKI;Kamil Pawel;GROSICKI;08.06.1988;MF;Hull City (ENG);180;58;12;Poland
12;Bartosz BIALKOWSKI;BIALKOWSKI;Bartosz Marek;BIA?KOWSKI;06.07.1987;GK;Ipswich Town (ENG);194;1;0;Poland
13;Maciej RYBUS;RYBUS;Maciej;RYBUS;19.08.1989;MF;Lokomotiv Moskva (RUS);173;52;2;Poland
14;Lukasz TEODORCZYK;TEODORCZYK;Lukasz;TEODORCZYK;03.06.1991;FW;Anderlecht (BEL);185;17;4;Poland
15;Kamil GLIK;GLIK;Kamil Jacek;GLIK;03.02.1988;DF;AS Monaco (FRA);190;58;4;Poland
16;Jakub BLASZCZYKOWSKI;B?ASZCZYKOWSKI;Jakub;B?ASZCZYKOWSKI;14.12.1985;MF;VfL Wolfsburg (GER);175;100;20;Poland
17;Slawomir PESZKO;PESZKO;Slawomir Konrad;PESZKO;19.02.1985;MF;Lechia Gdansk (POL);173;43;2;Poland
18;Bartosz BERESZYNSKI;BERESZYNSKI;Bartosz;BERESZY?SKI;12.07.1992;DF;Sampdoria (ITA);182;9;0;Poland
19;Piotr ZIELINSKI;ZIELINSKI;Piotr Sebastian;ZIELI?SKI;20.05.1994;MF;SSC Napoli (ITA);177;34;5;Poland
20;Lukasz PISZCZEK;PISZCZEK;Lukasz Piotr;PISZCZEK;03.06.1985;DF;Borussia Dortmund (GER);184;64;3;Poland
21;Rafal KURZAWA;KURZAWA;Rafal Maciej;KURZAWA;29.01.1993;MF;Górnik Zabrze (POL);182;3;0;Poland
22;Lukasz FABIANSKI;FABIA?SKI;Lukasz Marek;FABIANSKI;18.04.1985;GK;Swansea City (WAL);190;45;0;Poland
23;Dawid KOWNACKI;KOWNACKI;Dawid Igor;KOWNACKI;14.03.1997;FW;Sampdoria (ITA);185;3;1;Poland
1;RUI PATRICIO;DOS SANTOS PATRÍCIO;Rui Pedro;RUI PATRICIO;15.02.1988;GK;Sporting CP (POR);189;71;0;Portugal
2;BRUNO ALVES;REGUFE ALVES;Bruno Eduardo;B. ALVES;27.11.1981;DF;Rangers (SCO);187;96;11;Portugal
3;PEPE;DE LIMA FERREIRA;Kepler Laveran;PEPE;26.02.1983;DF;Besiktas (TUR);188;97;5;Portugal
4;MANUEL FERNANDES;TAVARES FERNANDES;Manuel Henrique;M. FERNANDES;05.02.1986;MF;Lokomotiv Moskva (RUS);174;14;3;Portugal
5;RAPHAEL GUERREIRO;GUERREIRO;Raphael Adelino José;RAPHAEL;22.12.1993;DF;Borussia Dortmund (GER);170;26;2;Portugal
6;JOSE FONTE;DA ROCHA FONTE;José Miguel;FONTE;22.12.1983;DF;Dalian Yifang Football Club (CHN);191;33;0;Portugal
7;CRISTIANO RONALDO;DOS SANTOS AVEIRO;Cristiano Ronaldo;RONALDO;05.02.1985;FW;Real Madrid (ESP);185;152;85;Portugal
8;JOAO MOUTINHO;IRIA SANTOS MOUTINHO;João Filipe;J. MOUTINHO;08.09.1986;MF;AS Monaco (FRA);170;112;7;Portugal
9;ANDRE SILVA;VALENTE DA SILVA;André Miguel;ANDRÉ SILVA;06.11.1995;FW;AC Milan (ITA);184;23;12;Portugal
10;JOAO MARIO;NAVAL DA COSTA EDUARDO;João Mário;J. MÁRIO;19.01.1993;MF;West Ham United (ENG);179;38;2;Portugal
11;BERNARDO SILVA;MOTA VEIGA DE CARVALHO E SILVA;Bernardo;BERNARDO;10.08.1994;MF;Manchester City (ENG);173;27;2;Portugal
12;ANTHONY LOPES;LOPES;Anthony;LOPES;01.10.1990;GK;Olympique Lyon (FRA);184;7;0;Portugal
13;RUBEN DIAS;DOS SANTOS GATO ALVES DIAS;Rúben;RUBEN DIAS;14.05.1997;DF;Benfica (POR);187;1;0;Portugal
14;WILLIAM;SILVA DE CARVALHO;William;WILLIAM;07.04.1992;MF;Sporting CP (POR);190;45;2;Portugal
15;RICARDO;BARBOSA PEREIRA;Ricardo Domingos;RICARDO;06.10.1993;DF;FC Porto (POR);174;4;0;Portugal
16;BRUNO FERNANDES;BORGES FERNANDES;Bruno Miguel;B. FERNANDES;08.09.1994;MF;Sporting CP (POR);183;8;1;Portugal
17;GONCALO GUEDES;GANCHINHO GUEDES;Gonçalo Manuel;G. GUEDES;29.11.1996;FW;Valencia CF (ESP);179;12;3;Portugal
18;GELSON MARTINS;BATALHA MARTINS;Gelson Dany;GELSON;11.05.1995;FW;Sporting CP (POR);173;19;0;Portugal
19;MARIO RUI;SILVA DUARTE;Mário Rui;MÁRIO RUI;27.05.1991;DF;SSC Napoli (ITA);168;4;0;Portugal
20;RICARDO QUARESMA;ANDRADE QUARESMA BERNARDO;Ricardo;QUARESMA;26.09.1983;FW;Besiktas (TUR);175;78;9;Portugal
21;CEDRIC;ALVES SOARES;Cédric Ricardo;CÉDRIC;31.08.1991;DF;Southampton (ENG);172;31;1;Portugal
22;BETO;BASTOS PIMPAREL;António Alberto;BETO;01.05.1982;GK;Goztepespor (TUR);183;14;0;Portugal
23;ADRIEN SILVA;PERRUCHET DA SILVA;Adrien Sébastien;ADRIEN;15.03.1989;MF;Leicester (ENG);176;25;1;Portugal
1;Igor AKINFEEV;AKINFEEV;Igor;AKINFEEV;08.04.1986;GK;CSKA Moskva (RUS);185;108;0;Russia
2;MARIO FERNANDES;FIGUEIRA FERNANDES;Mario;FERNANDES;19.09.1990;DF;CSKA Moskva (RUS);187;7;0;Russia
3;Ilya KUTEPOV;KUTEPOV;Ilya;KUTEPOV;29.07.1993;DF;Spartak Moskva (RUS);190;9;0;Russia
4;Sergey IGNASHEVICH;IGNASHEVICH;Sergey;IGNASHEVICH;14.07.1979;DF;CSKA Moskva (RUS);186;124;9;Russia
5;Andrey SEMENOV;SEMENOV;Andrey;SEMENOV;24.03.1989;DF;FC Akhmat Grozny (RUS);191;6;0;Russia
6;Denis CHERYSHEV;CHERYSHEV;Denis;CHERYSHEV;26.12.1990;MF;Villarreal CF (ESP);173;13;3;Russia
7;Daler KUZIAEV;KUZIAEV;Daler;KUZIAEV;15.01.1993;MF;Zenit St. Petersburg (RUS);182;8;0;Russia
8;Iury GAZINSKY;GAZINSKII;Iurii;GAZINSKII;20.07.1989;MF;Krasnodar (RUS);180;8;1;Russia
9;Alan DZAGOEV;DZAGOEV;Alan;DZAGOEV;17.06.1990;MF;CSKA Moskva (RUS);178;58;9;Russia
10;Fedor SMOLOV;SMOLOV;Fedor;SMOLOV;09.02.1990;FW;Krasnodar (RUS);185;34;12;Russia
11;Roman ZOBNIN;ZOBNIN;Roman;ZOBNIN;11.02.1994;MF;Spartak Moskva (RUS);185;14;0;Russia
12;Andrei LUNEV;LUNEV;Andrei;LUNEV;13.11.1991;GK;Zenit St. Petersburg (RUS);189;3;0;Russia
13;Fedor KUDRIASHOV;KUDRIASHOV;Fedor;KUDRIASHOV;05.04.1987;DF;Rubin Kazan (RUS);187;20;0;Russia
14;Vladimir GRANAT;GRANAT;Vladimir;GRANAT;22.05.1987;DF;Rubin Kazan (RUS);184;12;1;Russia
15;Alexey MIRANCHUK;MIRANCHUK;Alexey;AL MIRANCHUK;17.10.1995;MF;Lokomotiv Moskva (RUS);185;18;4;Russia
16;Anton MIRANCHUK;MIRANCHUK;Anton;AN MIRANCHUK;17.10.1995;MF;Lokomotiv Moskva (RUS);182;6;0;Russia
17;Aleksandr GOLOVIN;GOLOVIN;Aleksandr;GOLOVIN;30.05.1996;MF;CSKA Moskva (RUS);178;21;3;Russia
18;Yury ZHIRKOV;ZHIRKOV;Yury;ZHIRKOV;20.08.1983;MF;Zenit St. Petersburg (RUS);180;86;2;Russia
19;Alexander SAMEDOV;SAMEDOV;Alexander;SAMEDOV;19.07.1984;MF;Spartak Moskva (RUS);178;50;7;Russia
20;Vladimir GABULOV;GABULOV;Vladimir;GABULOV;19.10.1983;GK;Club Brugge (BEL);190;10;0;Russia
21;Aleksandr EROKHIN;EROKHIN;Aleksandr;EROKHIN;13.10.1989;MF;Zenit St. Petersburg (RUS);191;17;0;Russia
22;Artem DZYUBA;DZYUBA;Artem;DZYUBA;22.08.1988;FW;Arsenal Tula (RUS);196;25;13;Russia
23;Igor SMOLNIKOV;SMOLNIKOV;Igor;SMOLNIKOV;08.08.1988;DF;Zenit St. Petersburg (RUS);179;27;0;Russia
1;ABDULLAH ALMUAIOUF;ALMUAIOUF;Abdullah Ibrahim A;ABDULLAH;23.01.1987;GK;Al Hilal (KSA);178;9;0;Saudi Arabia
2;MANSOUR ALHARBI;ALHARBI;Mansour;MANSOUR;19.10.1987;DF;Al Ahli (KSA);173;39;1;Saudi Arabia
3;OSAMA HAWSAWI;HAWSAWI;Osama Abdulrzag M;OSAMA;31.03.1984;DF;Al Hilal (KSA);188;137;7;Saudi Arabia
4;ALI ALBULAYHI;ALBULAYHI;Ali Hadi M;ALI;21.11.1989;DF;Al Hilal (KSA);182;5;0;Saudi Arabia
5;OMAR HAWSAWI;HAWSAWI;Omar Ibrahim O;OMAR;27.09.1985;DF;Al Nasr (KSA);185;41;3;Saudi Arabia
6;MOHAMMED ALBURAYK;ALBURAYK;Mohammed Ibrahim M;ALBURAYK;15.09.1992;DF;Al Hilal (KSA);173;11;0;Saudi Arabia
7;SALMAN ALFARAJ;ALFARAJ;Salman Mohammed M;SALMAN;01.08.1989;MF;Al Hilal (KSA);179;41;2;Saudi Arabia
8;YAHIA ALSHEHRI;ALSHEHRI;Yahia Sulaiman Ali;YAHIA;26.06.1990;MF;Leganes (ESP);165;57;7;Saudi Arabia
9;HATAN BAHBRI;BAHBRI;Hatan Sultan;HATAN;16.07.1992;MF;Al Shabab (KSA);170;7;0;Saudi Arabia
10;MOHAMMED ALSAHLAWI;ALSAHLAWI;Mohammed Ibrahim Mohammad;ALSAHLAWI;10.01.1987;FW;Al Nasr (KSA);179;42;28;Saudi Arabia
11;ABDULMALEK ALKHAIBRI;ALKHAIBRI;Abdulmalek Abdullah A;ABDULMALEK;13.03.1986;MF;Al Hilal (KSA);177;33;0;Saudi Arabia
12;MOHAMED KANNO;KANNO;Mohamed Ibrahim A;KANNO;22.09.1994;MF;Al Hilal (KSA);192;7;1;Saudi Arabia
13;YASSER ALSHAHRANI;ALSHAHRANI;Yasir Gharsan S;YASSER;25.05.1992;DF;Al Hilal (KSA);170;37;0;Saudi Arabia
14;ABDULLAH OTAYF;OTAYF;Abdullah Ibrahim I;OTAYF;03.08.1992;MF;Al Hilal (KSA);177;15;1;Saudi Arabia
15;ABDULLAH ALKHAIBARI;ALKHAIBARI;Abdullah Mohammed;ALKHAIBARI;16.08.1996;MF;Al Shabab (KSA);175;5;0;Saudi Arabia
16;HUSSAIN ALMOQAHWI;ALMOQAHWI;Hussain Ali J;HUSSAIN;24.03.1988;MF;Al Ahli (KSA);174;17;1;Saudi Arabia
17;TAISEER ALJASSAM;ALJASSAM;Taiseer Jaber;TAISEER;25.07.1984;MF;Al Ahli (KSA);169;134;19;Saudi Arabia
18;SALEM ALDAWSARI;ALDAWSARI;Salem Mohammed S;SALEM;19.08.1991;MF;Villarreal CF (ESP);174;33;4;Saudi Arabia
19;FAHAD ALMUWALLAD;ALMUWALLAD ALHARBI;Fhad Mosaed;FAHAD;14.09.1994;FW;Levante UD (ESP);168;47;10;Saudi Arabia
20;MUHANNAD ASIRI;ABU RADIYAH;Muhannad Ahmed;MUHANNAD;14.10.1986;FW;Al Ahli (KSA);185;18;4;Saudi Arabia
21;YASSER ALMOSAILEM;ALMOSAILEM;Yasser Abdullah N;ALMOSAILEM;27.02.1984;GK;Al Ahli (KSA);186;32;0;Saudi Arabia
22;MOHAMMED ALOWAIS;ALOWAIS;Mohammed;ALOWAIS;10.10.1991;GK;Al Ahli (KSA);187;7;0;Saudi Arabia
23;MOTAZ HAWSAWI;HAWSAWI;Motaz Ali Hassan;MOTAZ;17.02.1992;DF;Al Ahli (KSA);180;16;0;Saudi Arabia
1;Abdoulaye DIALLO;DIALLO;Abdoulaye;DIALLO;30.03.1992;GK;Rennes (FRA);189;16;0;Senegal
2;Adama MBENGUE;MBENGUE;Adama;MBENGUE;01.12.1993;DF;Caen (FRA);180;3;0;Senegal
3;Kalidou KOULIBALY;KOULIBALY;Kalidou;KOULIBALY;20.06.1991;DF;SSC Napoli (ITA);195;27;1;Senegal
4;Kara MBODJI;MBODJI;Serigne Modou Kara;KARA;22.11.1989;DF;Anderlecht (BEL);192;43;5;Senegal
5;Idrissa Gana GUEYE;GUEYE;Idrissa Gana;GANA;26.09.1989;MF;Everton (ENG);174;56;1;Senegal
6;Salif SANE;SANE;Salif;S. SANE;25.08.1990;MF;Hannover 96 (GER);196;19;0;Senegal
7;Moussa SOW;SOW;Moussa;SOW;19.01.1986;FW;Bursaspor (TUR);180;46;19;Senegal
8;Cheikhou KOUYATE;KOUYATE;Cheikhou;C. KOUYATE;21.12.1989;MF;West Ham United (ENG);189;49;3;Senegal
9;Mame DIOUF;DIOUF;Mame Biram;M. DIOUF;16.12.1987;FW;Stoke (ENG);185;45;10;Senegal
10;Sadio MANE;MANE;Sadio;MANE;10.04.1992;FW;Liverpool (ENG);175;53;14;Senegal
11;Cheikh NDOYE;N'DOYE;Cheikh Tidiane;CH. NDOYE;29.03.1986;MF;Birmingham City (ENG);192;28;3;Senegal
12;Youssouf SABALY;SABALY;Youssouf;SABALY;05.03.1993;DF;Girondins Bordeaux (FRA);174;7;0;Senegal
13;Alfred NDIAYE;N'DIAYE;Alfred John Momar;A. NDIAYE;06.03.1990;MF;Wolverhampton (ENG);186;17;1;Senegal
14;Moussa KONATE;KONATE;Moussa;KONATE;03.04.1993;FW;Amiens (FRA);180;27;9;Senegal
15;Diafra SAKHO;SAKHO;Diafra;SAKHO;24.12.1989;FW;Rennes (FRA);184;11;3;Senegal
16;Khadim NDIAYE;NDIAYE;Khadim;KH. NDIAYE;05.04.1985;GK;Horoya Athlétique Club (GUI);185;43;0;Senegal
17;Pape Alioune NDIAYE;NDIAYE;Pape Alioune;P.A. NDIAYE;27.10.1990;MF;Stoke (ENG);181;16;1;Senegal
18;Ismaila SARR;SARR;Ismaila;ISMAÏLA;25.02.1998;FW;Rennes (FRA);175;14;3;Senegal
19;Mbaye NIANG;NIANG;Mbaye Hamady;NIANG;19.12.1994;FW;Torino (ITA);184;9;1;Senegal
20;Keita BALDE;BALDE DIAO;Keita;KEÏTA BALDE;08.03.1995;FW;AS Monaco (FRA);181;18;3;Senegal
21;Lamine GASSAMA;GASSAMA;Lamine;GASSAMA;20.10.1989;DF;Adanaspor (TUR);181;39;0;Senegal
22;Moussa WAGUE;WAGUE;Moussa;M. WAGUE;04.10.1998;DF;Eupen (BEL);177;8;0;Senegal
23;Alfred GOMIS;GOMIS;Amigo Alfred Junior;GOMIS;05.09.1993;GK;Spal Ferrara (ITA);196;5;0;Senegal
1;Vladimir STOJKOVIC;STOJKOVI?;Vladimir;STOJKOVI?;28.07.1983;GK;Partizan Beograd (SRB);195;83;0;Serbia
2;Antonio RUKAVINA;RUKAVINA;Antonio;RUKAVINA;26.01.1984;DF;Villarreal CF (ESP);177;48;0;Serbia
3;Dusko TOSIC;TOŠI?;Duško;TOŠI?;19.01.1985;DF;Besiktas (TUR);185;26;1;Serbia
4;Luka MILIVOJEVIC;MILIVOJEVI?;Luka;MILIVOJEVI?;07.04.1991;MF;Crystal Palace (ENG);186;30;1;Serbia
5;Uros SPAJIC;SPAJIC;Uros;SPAJI?;13.02.1993;DF;Anderlecht (BEL);188;5;0;Serbia
6;Branislav IVANOVIC;IVANOVI?;Branislav;IVANOVI?;22.02.1984;DF;Zenit St. Petersburg (RUS);185;105;13;Serbia
7;Andrija ZIVKOVIC;ŽIVKOVI?;Andrija;ŽIVKOVI?;11.07.1996;MF;Benfica (POR);169;10;0;Serbia
8;Aleksandar PRIJOVIC;PRIJOVI?;Aleksandar;PRIJOVI?;21.04.1990;FW;PAOK (GRE);191;10;1;Serbia
9;Aleksandar MITROVIC;MITROVIC;Aleksandar;MITROVI?;16.09.1994;FW;Fulham (ENG);189;40;17;Serbia
10;Dusan TADIC;TADI?;Dušan;TADI?;20.11.1988;MF;Southampton (ENG);181;55;12;Serbia
11;Aleksandar KOLAROV;KOLAROV;Aleksandar;KOLAROV;10.11.1985;DF;AS Roma (ITA);187;78;11;Serbia
12;Predrag RAJKOVIC;RAJKOVI?;Predrag;RAJKOVI?;31.10.1995;GK;Maccabi Tel Aviv (ISR);191;8;0;Serbia
13;Milos VELJKOVIC;VELJKOVI?;Miloš;VELJKOVI?;26.09.1995;DF;Werder Bremen (GER);188;2;0;Serbia
14;Milan RODIC;RODI?;Milan;RODI?;02.04.1991;DF;Crvena Zvezda (SRB);185;1;0;Serbia
15;Nikola MILENKOVIC;MILENKOVI?;Nikola;MILENKOVI?;12.10.1997;DF;Fiorentina (ITA);195;5;0;Serbia
16;Marko GRUJIC;GRUJI?;Marko;GRUJI?;13.04.1996;MF;Cardiff City (WAL);190;7;0;Serbia
17;Filip KOSTIC;KOSTI?;Filip;KOSTI?;01.11.1992;MF;Hamburger SV (GER);184;25;2;Serbia
18;Nemanja RADONJIC;RADONJI?;Nemanja;RADONJI?;15.02.1996;FW;Crvena Zvezda (SRB);185;4;0;Serbia
19;Luka JOVIC;JOVI?;Luka;JOVI?;23.12.1997;FW;Eintracht Frankfurt (GER);181;1;0;Serbia
20;Sergej MILINKOVIC-SAVIC;MILINKOVI?-SAVI?;Sergej;SERGEJ;27.02.1995;MF;Lazio (ITA);192;6;0;Serbia
21;Nemanja MATIC;MATI?;Nemanja;MATI?;01.08.1988;MF;Manchester United (ENG);194;42;2;Serbia
22;Adem LJAJIC;LJAJI?;Adem;LJAJI?;29.09.1991;MF;Torino (ITA);182;32;6;Serbia
23;Marko DMITROVIC;DMITROVI?;Marko;DMITROVI?;24.01.1992;GK;Eibar (ESP);194;2;0;Serbia
1;David DE GEA;DE GEA QUINTANA;David;DE GEA;07.11.1990;GK;Manchester United (ENG);190;31;0;Spain
2;Dani CARVAJAL;CARVAJAL RAMOS;Daniel;CARVAJAL;11.01.1992;DF;Real Madrid (ESP);173;16;0;Spain
3;Gerard PIQUE;PIQUÉ BERNABEU;Gerard;PIQUÉ;02.02.1987;DF;FC Barcelona (ESP);194;100;5;Spain
4;NACHO;FERNÁNDEZ IGLESIAS;José Ignacio;NACHO;18.01.1990;DF;Real Madrid (ESP);179;18;1;Spain
5;Sergio BUSQUETS;BUSQUETS BURGOS;Sergio;SERGIO;16.07.1988;MF;FC Barcelona (ESP);189;105;2;Spain
6;Andres INIESTA;INIESTA LUJAN;Andres;A. INIESTA;11.05.1984;MF;FC Barcelona (ESP);171;129;13;Spain
7;SAUL;ÑIGUEZ ESCLAPEZ;Saúl;SAÚL;21.11.1994;MF;Atlético Madrid (ESP);183;10;0;Spain
8;KOKE;RESURRECCIÓN MERODIO;Jorge;KOKE;08.01.1992;MF;Atlético Madrid (ESP);176;42;0;Spain
9;RODRIGO;MORENO MACHADO;Rodrigo;RODRIGO M.;06.03.1991;FW;Valencia CF (ESP);182;7;2;Spain
10;THIAGO;ALCANTARA DO NASCIMENTO;Thiago;THIAGO;11.04.1991;MF;Bayern München (GER);174;30;2;Spain
11;Lucas VAZQUEZ;VÁZQUEZ IGLESIAS;Lucas;LUCAS V.;01.07.1991;FW;Real Madrid (ESP);173;9;0;Spain
12;Alvaro ODRIOZOLA;ODRIOZOLA ARZALLUS;Álvaro;ODRIOZOLA;14.12.1995;DF;Real Sociedad (ESP);178;4;1;Spain
13;Kepa ARRIZABALAGA;ARRIZABALAGA REVUELTA;Kepa;ARRIZABALAGA;03.10.1994;GK;Athletic Club (ESP);189;1;0;Spain
14;Cesar AZPILICUETA;AZPILICUETA TANCO;César;AZPILICUETA;28.08.1989;DF;Chelsea (ENG);178;22;0;Spain
15;Sergio RAMOS;RAMOS GARCIA;Sergio;RAMOS;30.03.1986;DF;Real Madrid (ESP);183;154;13;Spain
16;Nacho MONREAL;MONREAL ERASO;Ignacio;MONREAL;26.02.1986;DF;Arsenal (ENG);179;22;1;Spain
17;Iago ASPAS;ASPAS JUNCAL;Iago;IAGO ASPAS;01.08.1987;FW;Celta (ESP);176;11;5;Spain
18;Jordi ALBA;ALBA RAMOS;Jordi;JORDI ALBA;21.03.1989;DF;FC Barcelona (ESP);170;64;8;Spain
19;Diego COSTA;DA SILVA COSTA;Diego;DIEGO COSTA;07.10.1988;FW;Atlético Madrid (ESP);185;22;10;Spain
20;Marco ASENSIO;ASENSIO WILLEMSEN;Marco;ASENSIO;21.01.1996;MF;Real Madrid (ESP);182;13;0;Spain
21;David SILVA;JIMENEZ SILVA;David Josue;SILVA;08.01.1986;FW;Manchester City (ENG);170;123;35;Spain
22;ISCO;ALARCON SUAREZ;Francisco Roman;ISCO;21.04.1992;MF;Real Madrid (ESP);176;30;10;Spain
23;Pepe REINA;REINA PAEZ;José Manuel;REINA;31.08.1982;GK;SSC Napoli (ITA);188;36;0;Spain
1;Robin OLSEN;OLSEN;Robin Patrick;OLSEN;08.01.1990;GK;FC København (DEN);198;19;0;Sweden
2;Mikael LUSTIG;LUSTIG;Carl Mikael;LUSTIG;13.12.1986;DF;Celtic (SCO);189;67;6;Sweden
3;Victor LINDELOF;NILSSON LINDELÖF;Victor Jörgen;LINDELÖF;17.07.1994;DF;Manchester United (ENG);187;21;1;Sweden
4;Andreas GRANQVIST;GRANQVIST;Andreas;GRANQVIST;16.04.1985;DF;Krasnodar (RUS);192;73;7;Sweden
5;Martin OLSSON;OLSSON;Martin Tony Waikwa;OLSSON;17.05.1988;DF;Swansea City (WAL);177;43;5;Sweden
6;Ludwig AUGUSTINSSON;AUGUSTINSSON;Hans Carl Ludwig;AUGUSTINSSON;21.04.1994;DF;Werder Bremen (GER);181;16;0;Sweden
7;Sebastian LARSSON;LARSSON;Bengt Ulf Sebastian;LARSSON;06.06.1985;MF;Hull City (ENG);178;101;6;Sweden
8;Albin EKDAL;EKDAL;Albin;EKDAL;28.07.1989;MF;Hamburger SV (GER);186;35;0;Sweden
9;Marcus BERG;BERG;Bengt Erik Markus;BERG;17.08.1986;FW;Al Ain (UAE);183;58;18;Sweden
10;Emil FORSBERG;FORSBERG;Emil Peter;FORSBERG;23.10.1991;MF;RasenBallsport Leipzig (GER);179;37;6;Sweden
11;John GUIDETTI;GUIDETTI;John Alberto;GUIDETTI;15.04.1992;FW;Alavés (ESP);185;20;1;Sweden
12;Karl-Johan JOHNSSON;JOHNSSON;Karl-Johan Anton;JOHNSSON;28.01.1990;GK;Guingamp (FRA);187;5;0;Sweden
13;Gustav SVENSSON;SVENSSON;Karl Gustav Johan;SVENSSON;07.02.1987;MF;Seattle Sounders Football Club (USA);183;14;0;Sweden
14;Filip HELANDER;HELANDER;Filip Viktor;HELANDER;22.04.1993;DF;Bologna (ITA);192;4;0;Sweden
15;Oscar HILJEMARK;HILJEMARK;Oscar Karl Niclas;HILJEMARK;28.06.1992;MF;Genoa (ITA);184;23;2;Sweden
16;Emil KRAFTH;KRAFT;Emil Henry Kristoffer;KRAFTH;02.08.1994;DF;Bologna (ITA);181;13;0;Sweden
17;Viktor CLAESSON;CLAESSON;Viktor Johan Anton;CLAESSON;02.01.1992;MF;Krasnodar (RUS);183;23;3;Sweden
18;Pontus JANSSON;JANSSON;Pontus Sven Gustav;JANSSON;13.02.1991;DF;Leeds (ENG);194;16;0;Sweden
19;Marcus ROHDEN;ROHDÉN;Marcus Christer;ROHDÉN;11.05.1991;MF;Crotone FC (ITA);182;12;1;Sweden
20;Ola TOIVONEN;TOIVONEN;Nils Ola;TOIVONEN;03.07.1986;FW;Toulouse FC (FRA);192;60;13;Sweden
21;Jimmy DURMAZ;DURMAZ;Jakup Jimmy;DURMAZ;22.03.1989;MF;Toulouse FC (FRA);180;45;3;Sweden
22;Isaac Kiese THELIN;THELIN;Isaac Kiese;KIESE THELIN;24.06.1992;FW;Beveren (BEL);189;21;2;Sweden
23;Kristoffer NORDFELDT;NORDFELDT;Bo Kristoffer;NORDFELDT;23.06.1989;GK;Swansea City (WAL);190;8;0;Sweden
1;Yann SOMMER;SOMMER;Yann;SOMMER;17.12.1988;GK;Borussia Moenchengladbach (GER);183;37;0;Switzerland
2;Stephan LICHTSTEINER;LICHTSTEINER;Stephan;LICHTSTEINER;16.01.1984;DF;Juventus (ITA);181;102;8;Switzerland
3;Francois MOUBANDJE;MOUBANDJE;Jacques Francois;MOUBANDJE;21.06.1990;DF;Toulouse FC (FRA);180;18;0;Switzerland
4;Nico ELVEDI;ELVEDI;Nico;ELVEDI;30.09.1996;DF;Borussia Moenchengladbach (GER);187;6;0;Switzerland
5;Manuel AKANJI;AKANJI;Manuel Obafemi;AKANJI;19.07.1995;DF;Borussia Dortmund (GER);186;9;0;Switzerland
6;Michael LANG;LANG;Michael Rico;LANG;08.02.1991;DF;FC Basel (SUI);185;25;2;Switzerland
7;Breel EMBOLO;EMBOLO;Breel Donald;EMBOLO;14.02.1997;FW;Schalke 04 (GER);184;27;3;Switzerland
8;Remo FREULER;FREULER;Remo Marco;FREULER;15.04.1992;MF;Atalanta Bergamo (ITA);181;10;0;Switzerland
9;Haris SEFEROVIC;SEFEROVIC;Haris;SEFEROVIC;22.02.1992;FW;Benfica (POR);186;53;12;Switzerland
10;Granit XHAKA;XHAKA;Granit;XHAKA;27.09.1992;MF;Arsenal (ENG);183;64;10;Switzerland
11;Valon BEHRAMI;BEHRAMI;Valon;BEHRAMI;19.04.1985;MF;Udinese (ITA);184;81;2;Switzerland
12;Yvon MVOGO;MVOGO NGANOMA;Yvon Landry;MVOGO;06.06.1994;GK;RasenBallsport Leipzig (GER);186;0;0;Switzerland
13;Ricardo RODRIGUEZ;RODRIGUEZ ARAYA;Ricardo Ivan;RODRIGUEZ;25.08.1992;DF;AC Milan (ITA);180;55;5;Switzerland
14;Steven ZUBER;ZUBER;Steven;ZUBER;17.08.1991;MF;1899 Hoffenheim (GER);182;14;4;Switzerland
15;Blerim DZEMAILI;DZEMAILI;Blerim;DZEMAILI;12.04.1986;MF;Bologna (ITA);180;67;10;Switzerland
16;Gelson FERNANDES;TAVARES FERNANDES;Gelson Da Conceicao;G. FERNANDES;02.09.1986;MF;Eintracht Frankfurt (GER);180;67;2;Switzerland
17;Denis ZAKARIA;ZAKARIA LAKO LADO;Denis Lemi;ZAKARIA;20.11.1996;MF;Borussia Moenchengladbach (GER);189;11;0;Switzerland
18;Mario GAVRANOVIC;GAVRANOVIC;Mario;GAVRANOVIC;24.11.1989;FW;Dinamo Zagreb (CRO);175;15;5;Switzerland
19;Josip DRMIC;DRMIC;Josip;DRMIC;08.08.1992;FW;Borussia Moenchengladbach (GER);184;30;9;Switzerland
20;Johan DJOUROU;DJOUROU GBADJERE;Danon Issouf Johannes;DJOUROU;18.01.1987;DF;Antalyaspor (TUR);192;74;2;Switzerland
21;Roman BUERKI;BÜRKI;Roman;BÜRKI;14.11.1990;GK;Borussia Dortmund (GER);188;9;0;Switzerland
22;Fabian SCHAER;SCHÄR;Fabian Lukas;SCHÄR;20.12.1991;DF;Deportivo La Coruña (ESP);186;41;7;Switzerland
23;Xherdan SHAQIRI;SHAQIRI;Xherdan;SHAQIRI;10.10.1991;MF;Stoke (ENG);169;72;21;Switzerland
1;Farouk BEN MUSTAPHA;BEN MUSTAPHA;Farouk;BEN MUSTAPHA;01.07.1989;GK;Al Shabab (KSA);192;15;0;Tunisia
2;Syam BEN YOUSSEF;BEN YOUSSEF;Syam Habib;BEN YOUSSEF .S;31.03.1989;DF;Kasimpasa SK (TUR);189;43;1;Tunisia
3;Yohan BEN ALOUANE;BEN ALOUANE;Yohan;BEN ALOUANE;28.03.1987;DF;Leicester (ENG);185;4;0;Tunisia
4;Yassine MERIAH;MERIAH;Yassine;MERIAH;02.07.1993;DF;CS Sfaxien (TUN);183;17;1;Tunisia
5;Oussama HADDADI;HADDADI;Oussama;HADDADI;28.01.1992;DF;Dijon (FRA);185;8;1;Tunisia
6;Rami BEDOUI;BEDOUI;Rami;BEDOUI;19.01.1990;DF;ES du Sahel (TUN);187;10;3;Tunisia
7;Saifeddine KHAOUI;KHAOUI;Saifeddine;KHAOUI;27.04.1995;FW;Troyes (FRA);180;5;0;Tunisia
8;Fakhreddine BEN YOUSSEF;BEN YOUSSEF;Fakhreddine;BEN YOUSSEF .F;23.06.1991;FW;Al Ittifaq (KSA);189;40;5;Tunisia
9;Anice BADRI;BADRI;Anice;BADRI;18.09.1990;MF;Esperance (TUN);178;11;3;Tunisia
10;Wahbi KHAZRI;KHAZRI;Wahbi;KHAZRI;08.02.1991;FW;Rennes (FRA);182;37;12;Tunisia
11;Dylan BRONN;BRONN;Dylan Daniel Mahmoud;BRONN;19.06.1995;DF;AA Gent (BEL);186;6;0;Tunisia
12;Ali MAALOUL;MAALOUL;Ali;MAALOUL;01.01.1990;DF;Al Ahly Cairo (EGY);170;48;8;Tunisia
13;Ferjani SASSI;SASSI;Ferjani;SASSI;18.03.1992;MF;Al Nasr (KSA);186;42;4;Tunisia
14;Mohamed BEN AMOR;BEN AMOR;Mohamed Amine;BEN AMOR;03.05.1992;MF;Al Ahli (KSA);180;27;2;Tunisia
15;Ahmed KHALIL;KHALIL;Ahmed;KHALIL;21.12.1994;FW;Club Africain (TUN);187;2;0;Tunisia
16;Aymen MATHLOUTHI;MATHLOUTHI;Aymen;MATHLOUTHI;14.09.1984;GK;Al Batin Football Club (KSA);182;71;0;Tunisia
17;Ellyes SKHIRI;SKHIRI;Ellyes Joris;SKHIRI;10.05.1995;MF;Montpellier (FRA);185;6;0;Tunisia
18;Bassem SRARFI;SRARFI;Bassem;SRARFI;25.06.1997;FW;OGC Nice (FRA);176;5;0;Tunisia
19;Saber KHALIFA;KHALIFA;Saber;KHALIFA;14.10.1986;FW;Club Africain (TUN);185;45;7;Tunisia
20;Ghaylen CHAALELI;CHAALELI;Ghaylen;CHAALELI;28.02.1994;FW;Esperance (TUN);179;7;1;Tunisia
21;Hamdi NAGUEZ;NAGUEZ;Hamdi;NAGUEZ;28.10.1992;DF;Zamalek (EGY);186;17;5;Tunisia
22;Mouez HASSEN;HASSEN;Mouez;HASSEN;05.03.1995;GK;Chateauroux (FRA);186;4;0;Tunisia
23;Naim SLITI;SLITI;Naim;SLITI;27.07.1992;FW;Dijon (FRA);173;20;3;Tunisia
1;Fernando MUSLERA;MUSLERA MICOL;Nestor Fernando;F. MUSLERA;16.06.1986;GK;Galatasaray (TUR);190;99;0;Uruguay
2;Jose GIMENEZ;GIMENEZ DE VARGAS;José Maria;J.M. GIMENEZ;20.01.1995;DF;Atlético Madrid (ESP);185;44;6;Uruguay
3;Diego GODIN;GODIN LEAL;Diego Roberto;D. GODIN;16.02.1986;DF;Atlético Madrid (ESP);185;118;8;Uruguay
4;Guillermo VARELA;VARELA OLIVERA;Guillermo;G. VARELA;24.03.1993;DF;Peñarol (URU);173;5;0;Uruguay
5;Carlos SANCHEZ;SÁNCHEZ ARCOSA;Carlos Andrés;C. SANCHEZ;02.12.1984;MF;Monterrey (MEX);171;37;1;Uruguay
6;Rodrigo BENTANCUR;BENTANCUR COLMAN;Rodrigo;R. BENTANCUR;25.06.1997;MF;Juventus (ITA);187;9;0;Uruguay
7;Cristian RODRIGUEZ;RODRIGUEZ BAROTTI;Cristian Gabriel;C. RODRIGUEZ;30.09.1985;MF;Peñarol (URU);178;107;11;Uruguay
8;Nahitan NANDEZ;NANDEZ ACOSTA;Nahitan Michel;N. NANDEZ;28.12.1995;MF;Boca Juniors (ARG);171;14;0;Uruguay
9;Luis SUAREZ;SUAREZ DIAZ;Luis Alberto;L. SUAREZ;24.01.1987;FW;FC Barcelona (ESP);182;100;52;Uruguay
10;Giorgian DE ARRASCAETA;DE ARRASCAETA BENEDETTI;Giorgian Daniel;G. DE ARRASCAETA;01.06.1994;FW;Cruzeiro (BRA);172;15;2;Uruguay
11;Cristhian STUANI;STUANI CURBELO;Cristhian Ricardo;C. STUANI;12.10.1986;FW;Girona Futbol Club (ESP);186;41;5;Uruguay
12;Martin CAMPANA;CAMPAÑA DELGADO;Martín Nicolas;M. CAMPAÑA;29.05.1989;GK;Independiente (ARG);184;1;0;Uruguay
13;Gaston SILVA;SILVA PERDOMO;Gaston Alexis;G. SILVA;05.03.1994;DF;Independiente (ARG);185;17;0;Uruguay
14;Lucas TORREIRA;TORREIRA DI PASCUA;Lucas Sebastian;L. TORREIRA;11.02.1996;MF;Sampdoria (ITA);168;5;0;Uruguay
15;Matias VECINO;VECINO FALERO;Matias;M. VECINO;24.08.1991;MF;Internazionale (ITA);189;24;1;Uruguay
16;Maximiliano PEREIRA;PEREIRA PAEZ;Victorio Maximiliano;M. PEREIRA;08.06.1984;DF;FC Porto (POR);173;125;3;Uruguay
17;Diego LAXALT;LAXALT SUAREZ;Diego Sebastian;D. LAXALT;07.02.1993;MF;Genoa (ITA);178;7;0;Uruguay
18;Maximiliano GOMEZ;GÓMEZ GONZÁLEZ;Maximiliano;M. GOMEZ;14.08.1996;FW;Celta (ESP);186;5;0;Uruguay
19;Sebastian COATES;COATES NION;Sebastián;S. COATES;07.10.1990;DF;Sporting CP (POR);196;30;1;Uruguay
20;Jonathan URRETAVISCAYA;URRETAVISCAYA DA LUZ;Jonathan Matias;J. URRETAVISCAYA;19.03.1990;FW;Monterrey (MEX);172;4;0;Uruguay
21;Edinson CAVANI;CAVANI GOMEZ;Edinson Roberto;E. CAVANI;14.02.1987;FW;Paris Saint-Germain (FRA);188;103;42;Uruguay
22;Martin CACERES;CÁCERES SILVA;José Martín;M. CACERES;07.04.1987;DF;Lazio (ITA);178;78;4;Uruguay
23;Martin SILVA;SILVA LEITES;Martin Andres;M. SILVA;25.03.1983;GK;Clube de Regatas Vasco da Gama (BRA);187;11;0;Uruguay
